dataset,method,sequence,frames,evaluated_frames,absent_frames,success_auc,average_overlap,sr_0.50,sr_0.75,precision_10px,precision_20px,normalized_precision_auc,mean_iou,mean_center_error_px,median_center_error_px,rmse_center_error_px,iou_lt_0.1
UAV2UAV,SUTrack-B224,test1_DJI_0081_1,217,217,0,0.7559798112793505,0.7690715097185072,0.9493087557603687,0.7880184331797235,0.8847926267281107,0.9493087557603687,0.7631697840426493,0.7690715097185072,17.00302803727475,5.984940637971744,51.78858864823855,0.04608294930875576
UAV2UAV,SUTrack-B224,test1_DJI_0081_2,729,729,0,0.8923509046965837,0.91034866487621,1.0,0.99039780521262,0.8161865569272977,0.9849108367626886,0.9430592538798783,0.91034866487621,6.115799692865749,4.6710750269258545,7.73872148498851,0.0
UAV2UAV,SUTrack-B224,test1_DJI_0081_3,129,129,0,0.7515688445921004,0.7628602260763938,0.9069767441860465,0.7209302325581395,0.6589147286821705,0.8837209302325582,0.779449764401885,0.7628602260763938,11.057316007852299,7.183668867552651,20.375960707707854,0.023255813953488372
UAV2UAV,SUTrack-B224,test1_DJI_0081_4,314,314,0,0.8290870488322717,0.8461397386147563,1.0,0.8853503184713376,1.0,1.0,0.9008992131884601,0.8461397386147563,2.4276074299945005,2.1393841910973865,2.8748308155541755,0.0
UAV2UAV,SUTrack-B224,test3_DJI_0087_1,400,400,0,0.9013095238095239,0.9214821616673393,1.0,0.9775,0.715,0.92,0.9375,0.9214821616673393,8.283116289965214,5.927155734761767,11.620438271193587,0.0
UAV2UAV,SUTrack-B224,test3_DJI_0087_2,319,319,0,0.8341543513957306,0.8506510661047259,0.9467084639498433,0.8589341692789969,0.7648902821316614,0.8714733542319749,0.8477472493699675,0.8506510661047259,10.011718712738338,3.801005554407466,20.947178615628353,0.009404388714733543
UAV2UAV,SUTrack-B224,test3_DJI_0087_3,165,165,0,0.11024531024531023,0.07491978518339552,0.030303030303030304,0.01818181818181818,0.012121212121212121,0.01818181818181818,0.029946524064171125,0.07491978518339552,753.1826584200472,1019.8852753007689,928.686197434128,0.7393939393939394
UAV2UAV,SUTrack-B224,test3_DJI_0087_4,200,200,0,0.8526190476190475,0.8686754365486141,1.0,0.93,0.94,0.99,0.8926470588235293,0.8686754365486141,3.4268345677634535,2.261880193509615,5.142743454427843,0.0
UAV2UAV,SUTrack-B224,test3_DJI_0087_5,302,302,0,0.8607694733522547,0.8786697051299099,0.9867549668874173,0.8940397350993378,0.6986754966887417,0.9139072847682119,0.885014933125568,0.8786697051299099,8.647979325655722,6.0712661535958645,12.280155361025823,0.0
UAV2UAV,SUTrack-B224,test3_DJI_0087_6,516,516,0,0.7936507936507935,0.8075476358702576,0.9515503875968992,0.748062015503876,0.8565891472868217,0.9496124031007752,0.8273673810609518,0.8075476358702576,6.067816358477151,2.503655094685783,14.9524376146275,0.009689922480620155
UAV2UAV,SUTrack-B224,test3_DJI_0087_7,159,159,0,0.2458820005989818,0.23328267268242292,0.025157232704402517,0.012578616352201259,0.012578616352201259,0.025157232704402517,0.06622271550129487,0.23328267268242292,56.847781634951346,53.28781881453368,60.38714276681538,0.23270440251572327
UAV2UAV,SUTrack-B224,test3_DJI_0087_8,211,211,0,0.8616565109456105,0.8793612093915972,1.0,0.8909952606635071,0.9052132701421801,1.0,0.8872781340024162,0.8793612093915972,4.315867802346078,2.9336900783205264,5.652374639835066,0.0
UAV2UAV,SUTrack-B224,test4_DJI_0101_1,986,986,0,0.8105863034869122,0.8260385217674444,0.9989858012170385,0.8630831643002028,0.9645030425963489,1.0,0.9281907489161993,0.8260385217674444,3.7443578010486798,2.9107193110437795,4.645079048419457,0.0
UAV2UAV,SUTrack-B224,test4_DJI_0101_2,556,556,0,0.7696128811236724,0.7821310607457114,0.9838129496402878,0.6205035971223022,0.670863309352518,0.9424460431654677,0.896882494004796,0.7821310607457114,8.703965246897445,7.127654613056577,11.258265678224534,0.0
UAV2UAV,SUTrack-B224,test4_DJI_0101_3,248,248,0,0.5627880184331796,0.5591283000365217,0.6814516129032258,0.4475806451612903,0.5241935483870968,0.6733870967741935,0.5921094244149273,0.5591283000365217,101.17441318162022,9.078901926583917,194.66258707497676,0.24596774193548387
UAV2UAV,SUTrack-B224,test4_DJI_0101_4,836,836,0,0.7216336295283664,0.7319939325704327,0.8863636363636364,0.6064593301435407,0.8564593301435407,0.937799043062201,0.8364762172811708,0.7319939325704327,11.4738034305833,3.282992257804942,44.46878205450253,0.019138755980861243
UAV2UAV,SUTrack-B224,test5_DJI_0102_1,60,60,0,0.6388888888888888,0.6461817292587174,0.6666666666666666,0.43333333333333335,0.55,0.6833333333333333,0.7130718954248365,0.6461817292587174,18.711304583791154,6.756998170346611,28.20937683243179,0.016666666666666666
UAV2UAV,SUTrack-B224,test5_DJI_0102_2,306,306,0,0.813569872393402,0.8285616452198994,0.9575163398692811,0.8202614379084967,0.8529411764705882,0.9444444444444444,0.8530052543893375,0.8285616452198994,5.480495431217748,2.47081465314647,9.340228143906973,0.0
UAV2UAV,SUTrack-B224,test5_DJI_0102_3,217,217,0,0.8308097432521396,0.847663771741612,0.9953917050691244,0.8294930875576036,0.7695852534562212,0.9078341013824884,0.8598536188669017,0.847663771741612,7.421676155182466,3.81259593264447,11.56655238881219,0.0
UAV2UAV,SUTrack-B224,test5_DJI_0102_4,676,676,0,0.8038884192730346,0.8195557823474753,0.9600591715976331,0.7973372781065089,0.9585798816568047,0.9985207100591716,0.8636442742777586,0.8195557823474753,2.5632620385676232,1.358147875349154,4.025655084365175,0.0
UAV2UAV,SUTrack-B224,test6_DJI_0103_1,1544,1544,0,0.7460831482852208,0.7587431225761372,0.9462435233160622,0.6139896373056994,0.8536269430051814,0.9533678756476683,0.8226277557655186,0.7587431225761372,11.195557338324972,3.386152470977157,76.46947322926015,0.006476683937823834
UAV2UAV,SUTrack-B224,test6_DJI_0103_2,451,451,0,0.16175694224474715,0.12388188127150322,0.15299334811529933,0.09090909090909091,0.082039911308204,0.12195121951219512,0.12908134428937873,0.12388188127150322,687.158103494743,790.1857944151745,793.3182807023105,0.8314855875831486
UAV2UAV,SUTrack-B224,test6_DJI_0103_3,103,103,0,0.05686546463245492,0.01444727383109947,0.009708737864077669,0.009708737864077669,0.009708737864077669,0.009708737864077669,0.009708737864077667,0.01444727383109947,996.6014061545335,794.9930050756956,1174.7868732655097,0.9902912621359223
UAV2UAV,SUTrack-B224,test6_DJI_0103_4,1566,1566,0,0.7325913762695372,0.7408953344930082,0.8614303959131545,0.7547892720306514,0.7496807151979565,0.8422733077905492,0.7659830215611149,0.7408953344930082,110.85188023123483,3.78720821605574,317.83447263597026,0.1251596424010217
UAV2UAV,SUTrack-B224,test6_DJI_0103_5,1051,1051,0,0.7337229849123285,0.742714580662805,0.8534728829686014,0.7354900095147479,0.6679352997145576,0.7602283539486203,0.7599858211600529,0.742714580662805,108.1158717001266,4.875667285413887,312.3404887461589,0.11988582302568981
UAV2UAV,SUTrack-B224,test7_DJI_0106_1,768,768,0,0.8886408730158729,0.9072053790000923,0.9869791666666666,0.9557291666666666,0.7942708333333334,0.9270833333333334,0.9226154003267976,0.9072053790000923,8.406086133702434,5.084079626778308,15.713149021391565,0.006510416666666667
UAV2UAV,SUTrack-B224,test7_DJI_0106_2,243,243,0,0.8728199098569469,0.8907773867780652,0.9794238683127572,0.934156378600823,0.8683127572016461,0.9465020576131687,0.9174534011135319,0.8907773867780652,6.396703514282187,4.081883450953549,10.196639242502892,0.0
UAV2UAV,SUTrack-B224,test7_DJI_0106_3,446,446,0,0.8821268417680976,0.9003870711369478,1.0,0.9192825112107623,0.8632286995515696,0.9596412556053812,0.9111052492745978,0.9003870711369478,5.662393841522669,3.7897095383884505,8.138607074976653,0.0
UAV2UAV,SUTrack-B224,test8_DJI_0107_1,1683,1683,0,0.6363353422176952,0.6384836549773366,0.768270944741533,0.5923945335710041,0.5246583481877599,0.7296494355317885,0.709890135495672,0.6384836549773366,270.65790662818193,9.501609238685669,619.2836992079376,0.2073677956030897
UAV2UAV,SUTrack-B224,test8_DJI_0107_2,251,251,0,0.7727186492126732,0.7852546339101627,1.0,0.7450199203187251,0.7689243027888446,0.9880478087649402,0.91289742988829,0.7852546339101627,7.191006244604987,6.566230090378102,8.190980761558665,0.0
UAV2UAV,SUTrack-B224,test8_DJI_0107_3,459,459,0,0.8306878306878306,0.84730526305055,1.0,0.9433551198257081,0.4400871459694989,0.9019607843137255,0.9320346875133495,0.84730526305055,11.841350349377306,11.059543556279085,13.60414517489502,0.0
UAV2UAV,SUTrack-B224,test9_DJI_0192_1,171,171,0,0.7783347257031468,0.7923430403971263,1.0,0.7076023391812866,1.0,1.0,0.9270725834193326,0.7923430403971263,1.8422818680147075,1.8190709122250708,2.0468531634459572,0.0
UAV2UAV,SUTrack-B224,test9_DJI_0192_2,52,52,0,0.7600732600732601,0.7722004300307971,1.0,0.6538461538461539,0.5961538461538461,0.8076923076923077,0.863499245852187,0.7722004300307971,10.30669545164626,6.5047232657330465,13.034410713220423,0.0
UAV2UAV,SUTrack-B224,test9_DJI_0192_3,1001,1001,0,0.5915988773131629,0.5959948265138838,0.7242757242757243,0.17382617382617382,0.6343656343656343,0.9200799200799201,0.8492683786801435,0.5959948265138838,10.303945872280792,8.29659114838887,13.763770266752182,0.000999000999000999
UAV2UAV,SUTrack-B224,test9_DJI_0192_4,4521,4521,0,0.632656070612275,0.6391935852470789,0.856226498562265,0.22627737226277372,0.8907321389073214,0.9896040698960407,0.8514297114554735,0.6391935852470789,5.282718151947017,3.9897423791036424,8.984360607682998,0.0019907100199071004
UAV2UAV,SUTrack-B224,test9_DJI_0192_5,1669,1669,0,0.4912265685183602,0.4907291816521044,0.49251048532055125,0.005991611743559017,0.7130017974835231,0.9544637507489515,0.8497867691114792,0.4907291816521044,9.756540522205905,6.907133812559419,17.782791375353717,0.018573996405032954
UAV2UAV,SUTrack-B224,test10_jl_hbd_1,389,389,0,0.7473374954094748,0.7597432727948458,0.8868894601542416,0.6786632390745502,0.8508997429305912,0.9485861182519281,0.7870356368768587,0.7597432727948458,10.78619370407518,2.7277638104443054,42.60577273696661,0.028277634961439587
UAV2UAV,SUTrack-B224,test10_jl_hbd_2,137,137,0,0.713590545707334,0.7265064571037309,0.8613138686131386,0.6131386861313869,0.7664233576642335,0.8759124087591241,0.7429511950765706,0.7265064571037309,7.839568217982047,4.348928921127503,12.329639362779245,0.0072992700729927005
UAV2UAV,SUTrack-B224,test10_jl_hbd_3,742,742,0,0.7637658837119753,0.7766389232726187,0.9123989218328841,0.7088948787061995,0.807277628032345,0.9191374663072777,0.784657259130067,0.7766389232726187,6.716938093625145,2.7013086408435525,12.554087406285689,0.008086253369272238
UAV2UAV,SUTrack-B224,test10_jl_hbd_4,287,287,0,0.05276256844201095,0.006668749629776331,0.003484320557491289,0.003484320557491289,0.003484320557491289,0.003484320557491289,0.004645760743321719,0.006668749629776331,688.1318696042041,586.5956783758697,813.7519035924722,0.9860627177700348
UAV2UAV,SUTrack-B224,test10_jl_hbd_5,309,309,0,0.7096625057790106,0.7195738863078717,0.8349514563106796,0.6245954692556634,0.7378640776699029,0.8543689320388349,0.7299955580937877,0.7195738863078717,10.211671980636552,3.134645181334206,20.026939996930867,0.012944983818770227
UAV2UAV,SUTrack-B224,test10_jl_hbd_6,184,184,0,0.812888198757764,0.8278473597120444,1.0,0.8097826086956522,0.8804347826086957,0.9456521739130435,0.8513427109974425,0.8278473597120444,5.919418006208708,2.7842857833501116,11.897401401946619,0.0
UAV2UAV,SUTrack-B224,test10_jl_hbd_7,138,138,0,0.36024844720496885,0.3395082916201127,0.391304347826087,0.2898550724637681,0.41304347826086957,0.4492753623188406,0.3321966467746519,0.3395082916201127,206.5898087857692,72.45468307629122,315.3347679155554,0.5362318840579711
UAV2UAV,SUTrack-B224,test10_jl_hbd_8,123,123,0,0.8552071234998065,0.8700201847535793,0.975609756097561,0.9024390243902439,0.7642276422764228,0.9186991869918699,0.8823529411764706,0.8700201847535793,7.658674486939134,5.62965304767199,11.117584618792225,0.0
UAV2UAV,SUTrack-B224,test10_jl_hbd_9,341,341,0,0.8567239212400501,0.8739766784590671,1.0,0.967741935483871,0.841642228739003,0.9736070381231672,0.9026507963889367,0.8739766784590671,6.1981659853043425,4.451787503498099,8.754642085385568,0.0
UAV2UAV,SUTrack-B224,test11_dj_1,260,260,0,0.7597069597069598,0.773316003480554,0.9769230769230769,0.676923076923077,0.8653846153846154,0.9461538461538461,0.9070135746606335,0.773316003480554,5.556209082776999,2.886381221384865,10.934301663291317,0.0
UAV2UAV,SUTrack-B224,test11_dj_2,625,625,0,0.7959619047619048,0.8097453395148766,0.9952,0.8864,0.8144,0.9584,0.9349019607843138,0.8097453395148766,7.0323900541971645,5.506395583177798,9.669916451183596,0.0
UAV2UAV,SUTrack-B224,test11_dj_3,215,215,0,0.7884828349944628,0.8044477871014947,0.9953488372093023,0.8930232558139535,0.7953488372093023,0.9627906976744186,0.9207478340173278,0.8044477871014947,7.604200975991257,5.43104671212307,11.288202464808807,0.0
UAV2UAV,SUTrack-B224,test11_dj_4,564,564,0,0.8343465045592705,0.8500751388830603,1.0,0.9450354609929078,0.8173758865248227,0.9645390070921985,0.9357182589347796,0.8500751388830603,6.892646048138802,5.6841017153169675,8.981411944982352,0.0
UAV2UAV,SafeCL-IMMTrack,test1_DJI_0081_1,217,217,0,0.7559798112793505,0.7690715097185072,0.9493087557603687,0.7880184331797235,0.8847926267281107,0.9493087557603687,0.7631697840426493,0.7690715097185072,17.52332416519143,5.984940637971744,54.586156684275515,0.04608294930875576
UAV2UAV,SafeCL-IMMTrack,test1_DJI_0081_2,729,729,0,0.8923509046965837,0.91034866487621,1.0,0.99039780521262,0.8161865569272977,0.9849108367626886,0.9430592538798783,0.91034866487621,6.115799692865749,4.6710750269258545,7.73872148498851,0.0
UAV2UAV,SafeCL-IMMTrack,test1_DJI_0081_3,129,129,0,0.7711332595053525,0.7831239138486948,0.937984496124031,0.751937984496124,0.6821705426356589,0.9147286821705426,0.8013375892992857,0.7831239138486948,8.531468412685067,7.040571606512501,10.914795138077476,0.0
UAV2UAV,SafeCL-IMMTrack,test1_DJI_0081_4,314,314,0,0.8290870488322717,0.8461397386147563,1.0,0.8853503184713376,1.0,1.0,0.9008992131884601,0.8461397386147563,2.4276074299944965,2.1393841910973865,2.8748308155541733,0.0
UAV2UAV,SafeCL-IMMTrack,test3_DJI_0087_1,400,400,0,0.9013095238095239,0.9214821616673392,1.0,0.9775,0.715,0.92,0.9375,0.9214821616673392,8.283116289965285,5.927155734761767,11.620438271193674,0.0
UAV2UAV,SafeCL-IMMTrack,test3_DJI_0087_2,319,319,0,0.8341543513957306,0.8506510661047259,0.9467084639498433,0.8589341692789969,0.7648902821316614,0.8714733542319749,0.8477472493699675,0.8506510661047259,10.011718712738341,3.801005554407466,20.947178615628353,0.009404388714733543
UAV2UAV,SafeCL-IMMTrack,test3_DJI_0087_3,165,165,0,0.10764790764790763,0.0724489506890763,0.030303030303030304,0.01818181818181818,0.012121212121212121,0.01818181818181818,0.028401663695781346,0.0724489506890763,761.8694190772042,1024.019423636925,934.2008623691199,0.7454545454545455
UAV2UAV,SafeCL-IMMTrack,test3_DJI_0087_4,200,200,0,0.8526190476190475,0.8686754365486141,1.0,0.93,0.94,0.99,0.8926470588235293,0.8686754365486141,3.4268345677634486,2.261880193509615,5.142743454427834,0.0
UAV2UAV,SafeCL-IMMTrack,test3_DJI_0087_5,302,302,0,0.8607694733522547,0.8786697051299099,0.9867549668874173,0.8940397350993378,0.6986754966887417,0.9139072847682119,0.885014933125568,0.8786697051299099,8.647979325655722,6.0712661535958645,12.280155361025823,0.0
UAV2UAV,SafeCL-IMMTrack,test3_DJI_0087_6,516,516,0,0.798172757475083,0.8122679807034103,0.9593023255813954,0.7558139534883721,0.8643410852713178,0.9554263565891473,0.8322693418452654,0.8122679807034103,5.702330368174015,2.4915070747358614,14.083699575799525,0.005813953488372093
UAV2UAV,SafeCL-IMMTrack,test3_DJI_0087_7,159,159,0,0.2458820005989818,0.23328267268242286,0.025157232704402517,0.012578616352201259,0.012578616352201259,0.025157232704402517,0.06622271550129487,0.23328267268242286,56.847781634951346,53.28781881453368,60.38714276681539,0.23270440251572327
UAV2UAV,SafeCL-IMMTrack,test3_DJI_0087_8,211,211,0,0.8616565109456105,0.879361209391597,1.0,0.8909952606635071,0.9052132701421801,1.0,0.8872781340024162,0.879361209391597,4.315867802346087,2.9336900783205264,5.6523746398350685,0.0
UAV2UAV,SafeCL-IMMTrack,test4_DJI_0101_1,986,986,0,0.8105863034869122,0.8260385217674444,0.9989858012170385,0.8630831643002028,0.9645030425963489,1.0,0.9281907489161993,0.8260385217674444,3.74435780104868,2.9107193110437795,4.645079048419458,0.0
UAV2UAV,SafeCL-IMMTrack,test4_DJI_0101_2,556,556,0,0.7696128811236724,0.7821310607457114,0.9838129496402878,0.6205035971223022,0.670863309352518,0.9424460431654677,0.896882494004796,0.7821310607457114,8.703965246897445,7.127654613056577,11.258265678224532,0.0
UAV2UAV,SafeCL-IMMTrack,test4_DJI_0101_3,248,248,0,0.565284178187404,0.5618343979545715,0.6895161290322581,0.4435483870967742,0.5282258064516129,0.6774193548387096,0.5972485768500949,0.5618343979545715,105.6740212788825,9.060687916501818,204.363349171993,0.24193548387096775
UAV2UAV,SafeCL-IMMTrack,test4_DJI_0101_4,836,836,0,0.7219753930280246,0.7323226763673442,0.8875598086124402,0.6064593301435407,0.8576555023923444,0.9389952153110048,0.8376020264565156,0.7323226763673442,11.202855879134574,3.2573600032713994,43.19271021968794,0.019138755980861243
UAV2UAV,SafeCL-IMMTrack,test5_DJI_0102_1,60,60,0,0.6388888888888888,0.6461823462354647,0.6666666666666666,0.43333333333333335,0.55,0.6833333333333333,0.7130718954248365,0.6461823462354647,18.71127077123596,6.756857303070712,28.20938973220842,0.016666666666666666
UAV2UAV,SafeCL-IMMTrack,test5_DJI_0102_2,306,306,0,0.813569872393402,0.8285616452198994,0.9575163398692811,0.8202614379084967,0.8529411764705882,0.9444444444444444,0.8530052543893375,0.8285616452198994,5.480495431217748,2.47081465314647,9.340228143906973,0.0
UAV2UAV,SafeCL-IMMTrack,test5_DJI_0102_3,217,217,0,0.8308097432521396,0.8476637717416114,0.9953917050691244,0.8294930875576036,0.7695852534562212,0.9078341013824884,0.8598536188669017,0.8476637717416114,7.421676155182484,3.812595932644412,11.566552388812196,0.0
UAV2UAV,SafeCL-IMMTrack,test5_DJI_0102_4,676,676,0,0.8038884192730346,0.8195557823474753,0.9600591715976331,0.7973372781065089,0.9585798816568047,0.9985207100591716,0.8636442742777586,0.8195557823474753,2.5632620385676232,1.358147875349154,4.025655084365175,0.0
UAV2UAV,SafeCL-IMMTrack,test6_DJI_0103_1,1544,1544,0,0.7462065136935603,0.7588568169885769,0.9462435233160622,0.6139896373056994,0.8536269430051814,0.9533678756476683,0.8227293508076804,0.7588568169885769,11.193396682447721,3.375694980995913,76.46937072679577,0.006476683937823834
UAV2UAV,SafeCL-IMMTrack,test6_DJI_0103_2,451,451,0,0.16334072431633412,0.1256631852938891,0.15521064301552107,0.09090909090909091,0.08425720620842572,0.12416851441241686,0.13168992652493366,0.1256631852938891,689.3856256909106,790.1857944151745,795.0901489262706,0.8292682926829268
UAV2UAV,SafeCL-IMMTrack,test6_DJI_0103_3,103,103,0,0.05686546463245492,0.01444727383109947,0.009708737864077669,0.009708737864077669,0.009708737864077669,0.009708737864077669,0.009708737864077667,0.01444727383109947,996.6014061545335,794.9930050756956,1174.7868732655097,0.9902912621359223
UAV2UAV,SafeCL-IMMTrack,test6_DJI_0103_4,1566,1566,0,0.7344158608526425,0.7428116161335401,0.8659003831417624,0.7554278416347382,0.7515964240102171,0.8473818646232439,0.7679362932912629,0.7428116161335401,110.67806098920202,3.78720821605574,318.5235390185264,0.12324393358876118
UAV2UAV,SafeCL-IMMTrack,test6_DJI_0103_5,1051,1051,0,0.7337229849123285,0.742714580662805,0.8534728829686014,0.7354900095147479,0.6679352997145576,0.7602283539486203,0.7599858211600529,0.742714580662805,108.14322681838576,4.875667285413887,312.42290707176664,0.11988582302568981
UAV2UAV,SafeCL-IMMTrack,test7_DJI_0106_1,768,768,0,0.8886408730158729,0.9072047248526313,0.9869791666666666,0.9557291666666666,0.7942708333333334,0.9270833333333334,0.9226154003267976,0.9072047248526313,8.406150249405067,5.08398763797738,15.713158809430299,0.006510416666666667
UAV2UAV,SafeCL-IMMTrack,test7_DJI_0106_2,243,243,0,0.8728199098569469,0.8907773867780656,0.9794238683127572,0.934156378600823,0.8683127572016461,0.9465020576131687,0.9174534011135319,0.8907773867780656,6.396703514282135,4.081883450953992,10.196639242502862,0.0
UAV2UAV,SafeCL-IMMTrack,test7_DJI_0106_3,446,446,0,0.8821268417680976,0.9003870711369478,1.0,0.9192825112107623,0.8632286995515696,0.9596412556053812,0.9111052492745978,0.9003870711369478,5.662393841522669,3.7897095383884505,8.138607074976653,0.0
UAV2UAV,SafeCL-IMMTrack,test8_DJI_0107_1,1683,1683,0,0.6363353422176952,0.6384836549773366,0.768270944741533,0.5923945335710041,0.5246583481877599,0.7296494355317885,0.709890135495672,0.6384836549773366,270.657906628182,9.501609238685669,619.2836992079375,0.2073677956030897
UAV2UAV,SafeCL-IMMTrack,test8_DJI_0107_2,251,251,0,0.7727186492126732,0.7852546339101627,1.0,0.7450199203187251,0.7689243027888446,0.9880478087649402,0.91289742988829,0.7852546339101627,7.191006244604985,6.566230090378102,8.190980761558661,0.0
UAV2UAV,SafeCL-IMMTrack,test8_DJI_0107_3,459,459,0,0.8306878306878306,0.8473052630505502,1.0,0.9433551198257081,0.4400871459694989,0.9019607843137255,0.9320346875133495,0.8473052630505502,11.841350349377237,11.059543556279085,13.604145174894942,0.0
UAV2UAV,SafeCL-IMMTrack,test9_DJI_0192_1,171,171,0,0.7783347257031468,0.7923430403971261,1.0,0.7076023391812866,1.0,1.0,0.9270725834193326,0.7923430403971261,1.8422818680147237,1.8190709122251187,2.046853163445973,0.0
UAV2UAV,SafeCL-IMMTrack,test9_DJI_0192_2,52,52,0,0.7600732600732601,0.7722004300307971,1.0,0.6538461538461539,0.5961538461538461,0.8076923076923077,0.863499245852187,0.7722004300307971,10.30669545164626,6.5047232657330465,13.034410713220423,0.0
UAV2UAV,SafeCL-IMMTrack,test9_DJI_0192_3,1001,1001,0,0.5915988773131629,0.5959948265138838,0.7242757242757243,0.17382617382617382,0.6343656343656343,0.9200799200799201,0.8492683786801435,0.5959948265138838,10.303945872280792,8.29659114838887,13.763770266752182,0.000999000999000999
UAV2UAV,SafeCL-IMMTrack,test9_DJI_0192_4,4521,4521,0,0.632656070612275,0.6391935852470791,0.856226498562265,0.22627737226277372,0.8907321389073214,0.9896040698960407,0.8514297114554735,0.6391935852470791,5.2827181519470034,3.989742379103321,8.984360607682994,0.0019907100199071004
UAV2UAV,SafeCL-IMMTrack,test9_DJI_0192_5,1669,1669,0,0.4912265685183601,0.49051777272687613,0.49131216297183944,0.004793289394847214,0.7225883762732175,0.9544637507489515,0.8499512447279689,0.49051777272687613,9.74353045628655,7.000466447848409,17.859301735359296,0.018573996405032954
UAV2UAV,SafeCL-IMMTrack,test10_jl_hbd_1,389,389,0,0.7519892275676336,0.7648706167774492,0.8946015424164524,0.6786632390745502,0.8560411311053985,0.9562982005141388,0.7934875749785775,0.7648706167774492,10.106550421793042,2.564665371071638,41.34775149928353,0.02313624678663239
UAV2UAV,SafeCL-IMMTrack,test10_jl_hbd_2,137,137,0,0.7198470629127564,0.7328601960402241,0.8686131386861314,0.6277372262773723,0.7664233576642335,0.8832116788321168,0.7468155145269789,0.7328601960402241,7.444810935352503,4.348928921127503,11.070243440576883,0.0
UAV2UAV,SafeCL-IMMTrack,test10_jl_hbd_3,742,742,0,0.772108843537415,0.7853205414851578,0.9272237196765498,0.7183288409703504,0.8207547169811321,0.931266846361186,0.7945668833571166,0.7853205414851578,6.056444006925193,2.6612651671958996,10.06184150168879,0.005390835579514825
UAV2UAV,SafeCL-IMMTrack,test10_jl_hbd_4,287,287,0,0.05276256844201095,0.00666874962977633,0.003484320557491289,0.003484320557491289,0.003484320557491289,0.003484320557491289,0.004645760743321719,0.00666874962977633,688.2044744344373,586.5956783758697,813.8140306842636,0.9860627177700348
UAV2UAV,SafeCL-IMMTrack,test10_jl_hbd_5,309,309,0,0.7415626444752658,0.7535806082966845,0.8964401294498382,0.6601941747572816,0.7896440129449838,0.8996763754045307,0.7673075702773018,0.7535806082966845,7.941487893474946,2.728309850693258,16.577613695494858,0.009708737864077669
UAV2UAV,SafeCL-IMMTrack,test10_jl_hbd_6,184,184,0,0.812888198757764,0.8278473597120444,1.0,0.8097826086956522,0.8804347826086957,0.9456521739130435,0.8513427109974425,0.8278473597120444,5.919418006208708,2.7842857833501116,11.89740140194662,0.0
UAV2UAV,SafeCL-IMMTrack,test10_jl_hbd_7,138,138,0,0.3975155279503105,0.37833679496685874,0.4420289855072464,0.3333333333333333,0.463768115942029,0.5,0.3763853367433931,0.37833679496685874,198.77509099578717,20.186170989080715,312.5042918390406,0.4855072463768116
UAV2UAV,SafeCL-IMMTrack,test10_jl_hbd_8,123,123,0,0.8552071234998065,0.8700201847535795,0.975609756097561,0.9024390243902439,0.7642276422764228,0.9186991869918699,0.8823529411764706,0.8700201847535795,7.658674486939133,5.62965304767199,11.117584618792224,0.0
UAV2UAV,SafeCL-IMMTrack,test10_jl_hbd_9,341,341,0,0.8567239212400501,0.8739766784590675,1.0,0.967741935483871,0.841642228739003,0.9736070381231672,0.9026507963889367,0.8739766784590675,6.198165985304329,4.4517875034981005,8.754642085385587,0.0
UAV2UAV,SafeCL-IMMTrack,test11_dj_1,260,260,0,0.7597069597069598,0.773316003480554,0.9769230769230769,0.676923076923077,0.8653846153846154,0.9461538461538461,0.9070135746606335,0.773316003480554,5.556209082776999,2.886381221384865,10.934301663291317,0.0
UAV2UAV,SafeCL-IMMTrack,test11_dj_2,625,625,0,0.7959619047619048,0.8097453208704019,0.9952,0.8864,0.8144,0.9584,0.9349019607843138,0.8097453208704019,7.032426000843641,5.5063407074200015,9.669954807717593,0.0
UAV2UAV,SafeCL-IMMTrack,test11_dj_3,215,215,0,0.7884828349944628,0.8044477871014947,0.9953488372093023,0.8930232558139535,0.7953488372093023,0.9627906976744186,0.9207478340173278,0.8044477871014947,7.604200975991257,5.43104671212307,11.288202464808807,0.0
UAV2UAV,SafeCL-IMMTrack,test11_dj_4,564,564,0,0.8343465045592705,0.8500751388830603,1.0,0.9450354609929078,0.8173758865248227,0.9645390070921985,0.9357182589347796,0.8500751388830603,6.892646048138798,5.6841017153169675,8.98141194498235,0.0
UAV2UAV,RLSM-IMMTrack,test1_DJI_0081_1,217,217,0,0.7559798112793505,0.7690697231602027,0.9493087557603687,0.7880184331797235,0.8847926267281107,0.9493087557603687,0.7631697840426493,0.7690697231602027,17.523401402639017,5.985050538075617,54.58616890907918,0.04608294930875576
UAV2UAV,RLSM-IMMTrack,test1_DJI_0081_2,729,729,0,0.8928081520674112,0.9106597647637344,1.0,0.99039780521262,0.8120713305898491,0.9849108367626886,0.9430054600715458,0.9106597647637344,6.13812544332926,4.656003077127103,7.7607862258370135,0.0
UAV2UAV,RLSM-IMMTrack,test1_DJI_0081_3,129,129,0,0.7711332595053525,0.7831237033370686,0.937984496124031,0.751937984496124,0.6821705426356589,0.9147286821705426,0.8013375892992857,0.7831237033370686,8.531472480850262,7.040571606512501,10.91479504947765,0.0
UAV2UAV,RLSM-IMMTrack,test1_DJI_0081_4,314,314,0,0.8292387018501669,0.8464062666229222,1.0,0.8853503184713376,1.0,1.0,0.901148994629699,0.8464062666229222,2.417678319377652,2.1243656027873756,2.865430829011049,0.0
UAV2UAV,RLSM-IMMTrack,test3_DJI_0087_1,400,400,0,0.9013095238095239,0.9214821019556356,1.0,0.9775,0.715,0.92,0.9375,0.9214821019556356,8.283144492547391,5.9271755289693715,11.620469848382564,0.0
UAV2UAV,RLSM-IMMTrack,test3_DJI_0087_2,319,319,0,0.8341543513957306,0.8506511019312951,0.9467084639498433,0.8589341692789969,0.7648902821316614,0.8714733542319749,0.8477472493699675,0.8506511019312951,10.011720248818378,3.801010171485563,20.94717190489787,0.009404388714733543
UAV2UAV,RLSM-IMMTrack,test3_DJI_0087_3,165,165,0,0.10505050505050505,0.06898896495454487,0.030303030303030304,0.01818181818181818,0.012121212121212121,0.01818181818181818,0.028758169934640528,0.06898896495454487,754.2745901507184,1019.8861988966979,928.8541813775091,0.7696969696969697
UAV2UAV,RLSM-IMMTrack,test3_DJI_0087_4,200,200,0,0.8526190476190475,0.8686757311592261,1.0,0.93,0.94,0.99,0.8926470588235293,0.8686757311592261,3.4268272710431846,2.261861702054926,5.142741029275837,0.0
UAV2UAV,RLSM-IMMTrack,test3_DJI_0087_5,302,302,0,0.8607694733522547,0.8786702847797017,0.9867549668874173,0.8940397350993378,0.6986754966887417,0.9139072847682119,0.885014933125568,0.8786702847797017,8.647939868356007,6.071210445618844,12.280140858057292,0.0
UAV2UAV,RLSM-IMMTrack,test3_DJI_0087_6,516,516,0,0.8049095607235143,0.8186938490876959,0.9689922480620154,0.7635658914728682,0.8701550387596899,0.9612403100775194,0.8379692962456301,0.8186938490876959,4.896428219118353,2.503644823535847,7.891795545381442,0.0
UAV2UAV,RLSM-IMMTrack,test3_DJI_0087_7,159,159,0,0.2458820005989818,0.23328256550666904,0.025157232704402517,0.012578616352201259,0.012578616352201259,0.025157232704402517,0.06622271550129487,0.23328256550666904,56.847796560990936,53.28780785699341,60.387159650497324,0.23270440251572327
UAV2UAV,RLSM-IMMTrack,test3_DJI_0087_8,211,211,0,0.8616565109456105,0.8793610294090528,1.0,0.8909952606635071,0.9052132701421801,1.0,0.8872781340024162,0.8793610294090528,4.315876075435165,2.9336841873797823,5.652381961370315,0.0
UAV2UAV,RLSM-IMMTrack,test4_DJI_0101_1,986,986,0,0.8105863034869122,0.8260384478064327,0.9989858012170385,0.8630831643002028,0.9645030425963489,1.0,0.9281907489161993,0.8260384478064327,3.7444001027512153,2.9105875323233565,4.64512096423372,0.0
UAV2UAV,RLSM-IMMTrack,test4_DJI_0101_2,556,556,0,0.7694415895854745,0.7820816537933916,0.9838129496402878,0.6205035971223022,0.670863309352518,0.9388489208633094,0.8967414303851035,0.7820816537933916,8.71624833845278,7.1276184646555,11.284382483427612,0.0
UAV2UAV,RLSM-IMMTrack,test4_DJI_0101_3,248,248,0,0.5810291858678953,0.5793408514296167,0.717741935483871,0.4435483870967742,0.5524193548387096,0.7056451612903226,0.622786211258697,0.5793408514296167,96.63283306513075,8.508312149020476,196.83761153393633,0.21370967741935484
UAV2UAV,RLSM-IMMTrack,test4_DJI_0101_4,836,836,0,0.7226589200273411,0.7330191112505235,0.8899521531100478,0.6076555023923444,0.8588516746411483,0.9389952153110048,0.8369687587953841,0.7330191112505235,11.274456593261657,3.269274369003605,42.99499310348543,0.019138755980861243
UAV2UAV,RLSM-IMMTrack,test5_DJI_0102_1,60,60,0,0.6388888888888888,0.6461817071153927,0.6666666666666666,0.43333333333333335,0.55,0.6833333333333333,0.7130718954248365,0.6461817071153927,18.711309256681385,6.757012217808892,28.209375322933987,0.016666666666666666
UAV2UAV,RLSM-IMMTrack,test5_DJI_0102_2,306,306,0,0.813569872393402,0.8285616327433434,0.9575163398692811,0.8202614379084967,0.8529411764705882,0.9444444444444444,0.8530052543893375,0.8285616327433434,5.480499448755393,2.4708203744412858,9.340227051056845,0.0
UAV2UAV,RLSM-IMMTrack,test5_DJI_0102_3,217,217,0,0.8308097432521396,0.8476636418356337,0.9953917050691244,0.8294930875576036,0.7695852534562212,0.9078341013824884,0.8598536188669017,0.8476636418356337,7.421679327442655,3.8125908039135257,11.566551005273741,0.0
UAV2UAV,RLSM-IMMTrack,test5_DJI_0102_4,676,676,0,0.8052268244575936,0.8207189634422549,0.9615384615384616,0.8002958579881657,0.9600591715976331,1.0,0.865848706346444,0.8207189634422549,2.516354101062506,1.3476289720238355,3.914217253723746,0.0
UAV2UAV,RLSM-IMMTrack,test6_DJI_0103_1,1544,1544,0,0.7491364421416234,0.7614488331977136,0.9468911917098446,0.6217616580310881,0.8523316062176166,0.9540155440414507,0.8239865894544345,0.7614488331977136,11.181069317560505,3.369521596303857,76.46936964106676,0.006476683937823834
UAV2UAV,RLSM-IMMTrack,test6_DJI_0103_2,451,451,0,0.16334072431633412,0.12566314164982648,0.15521064301552107,0.09090909090909091,0.08425720620842572,0.12416851441241686,0.13168992652493366,0.12566314164982648,689.2905401354852,792.6231582163758,795.0639427543701,0.8292682926829268
UAV2UAV,RLSM-IMMTrack,test6_DJI_0103_3,103,103,0,0.05686546463245492,0.014447280533092008,0.009708737864077669,0.009708737864077669,0.009708737864077669,0.009708737864077669,0.009708737864077667,0.014447280533092008,996.6007866411245,794.9922331082445,1174.7865120938961,0.9902912621359223
UAV2UAV,RLSM-IMMTrack,test6_DJI_0103_4,1566,1566,0,0.7344158608526425,0.7428119484808872,0.8659003831417624,0.7554278416347382,0.7515964240102171,0.8473818646232439,0.7679362932912629,0.7428119484808872,110.67802994281502,3.787149627998018,318.5235407646083,0.12324393358876118
UAV2UAV,RLSM-IMMTrack,test6_DJI_0103_5,1051,1051,0,0.7339042182048843,0.7428925857763087,0.8534728829686014,0.736441484300666,0.6688867745004757,0.7602283539486203,0.7601350721068636,0.7428925857763087,110.23611832009605,4.825197741430299,318.23961862210206,0.11988582302568981
UAV2UAV,RLSM-IMMTrack,test7_DJI_0106_1,768,768,0,0.8886408730158729,0.9072055851575621,0.9869791666666666,0.9557291666666666,0.7942708333333334,0.9270833333333334,0.9226154003267976,0.9072055851575621,8.406064170816382,5.084223358789005,15.713154478480512,0.006510416666666667
UAV2UAV,RLSM-IMMTrack,test7_DJI_0106_2,243,243,0,0.8728199098569469,0.8907774560355545,0.9794238683127572,0.934156378600823,0.8683127572016461,0.9465020576131687,0.9174534011135319,0.8907774560355545,6.396697168029599,4.081889279690058,10.196632817053233,0.0
UAV2UAV,RLSM-IMMTrack,test7_DJI_0106_3,446,446,0,0.8821268417680976,0.9003871336816708,1.0,0.9192825112107623,0.8632286995515696,0.9596412556053812,0.9111052492745978,0.9003871336816708,5.662362479137664,3.7892514304247364,8.138594277873416,0.0
UAV2UAV,RLSM-IMMTrack,test8_DJI_0107_1,1683,1683,0,0.6383159324335795,0.6404222998687235,0.7688651218062983,0.5929887106357694,0.5264408793820559,0.7278669043374926,0.7127445155126818,0.6404222998687235,275.31276248986705,9.452758017826092,631.1565296155829,0.20380273321449793
UAV2UAV,RLSM-IMMTrack,test8_DJI_0107_2,251,251,0,0.7727186492126732,0.7852545954693203,1.0,0.7450199203187251,0.7689243027888446,0.9880478087649402,0.91289742988829,0.7852545954693203,7.1910395491997035,6.566239114223836,8.191007203879703,0.0
UAV2UAV,RLSM-IMMTrack,test8_DJI_0107_3,459,459,0,0.8288204170557114,0.845117011944124,1.0,0.9433551198257081,0.44880174291938996,0.8823529411764706,0.9309240035883634,0.845117011944124,12.032297347319043,10.949913775606367,13.897509478458408,0.0
UAV2UAV,RLSM-IMMTrack,test9_DJI_0192_1,171,171,0,0.7783347257031468,0.7923432159106666,1.0,0.7076023391812866,1.0,1.0,0.9270725834193326,0.7923432159106666,1.8422668463726206,1.8190059838702715,2.046835762571951,0.0
UAV2UAV,RLSM-IMMTrack,test9_DJI_0192_2,52,52,0,0.7591575091575092,0.7722002121583041,1.0,0.6346153846153846,0.5961538461538461,0.8076923076923077,0.863499245852187,0.7722002121583041,10.30673304424687,6.504715907363469,13.034458763450093,0.0
UAV2UAV,RLSM-IMMTrack,test9_DJI_0192_3,1001,1001,0,0.5915988773131629,0.5959948279991564,0.7242757242757243,0.17382617382617382,0.6343656343656343,0.9200799200799201,0.8492683786801435,0.5959948279991564,10.303975358754323,8.296864723757588,13.763796114612155,0.000999000999000999
UAV2UAV,RLSM-IMMTrack,test9_DJI_0192_4,4521,4521,0,0.6358159277867307,0.6425235408326118,0.8624198186241981,0.22495023224950234,0.8834328688343287,0.9891616898916169,0.8478819973023493,0.6425235408326118,5.272821995699986,4.017029744219399,7.214720975928722,0.0008847600088476001
UAV2UAV,RLSM-IMMTrack,test9_DJI_0192_5,1669,1669,0,0.49228223344460614,0.49166255231506667,0.49970041941282206,0.004793289394847214,0.7171959257040144,0.9550629119233074,0.8502449511859866,0.49166255231506667,9.723904460377407,6.888135320536503,17.840248831576616,0.018573996405032954
UAV2UAV,RLSM-IMMTrack,test10_jl_hbd_1,389,389,0,0.7578650997674133,0.7715407867155113,0.8997429305912596,0.6812339331619537,0.8688946015424165,0.9665809768637532,0.8022581783356016,0.7715407867155113,6.8499132951511115,2.5544045056745146,25.43728582794415,0.012853470437017995
UAV2UAV,RLSM-IMMTrack,test10_jl_hbd_2,137,137,0,0.724365658672228,0.7375238012313521,0.8686131386861314,0.6496350364963503,0.7591240875912408,0.8978102189781022,0.7481036210104479,0.7375238012313521,7.358898996379974,4.348876514401206,10.915014764402665,0.0
UAV2UAV,RLSM-IMMTrack,test10_jl_hbd_3,742,742,0,0.7718521370812477,0.7850385668434235,0.9272237196765498,0.7169811320754716,0.8194070080862533,0.931266846361186,0.7942233497172453,0.7850385668434235,6.068737286013621,2.673117726366897,10.07450818074697,0.005390835579514825
UAV2UAV,RLSM-IMMTrack,test10_jl_hbd_4,287,287,0,0.05276256844201095,0.006645332062685523,0.003484320557491289,0.003484320557491289,0.003484320557491289,0.003484320557491289,0.004645760743321719,0.006645332062685523,692.2394014141801,589.0495136870693,818.4674170338684,0.9860627177700348
UAV2UAV,RLSM-IMMTrack,test10_jl_hbd_5,309,309,0,0.7415626444752658,0.7535794122334646,0.8964401294498382,0.6601941747572816,0.7896440129449838,0.8996763754045307,0.7673075702773018,0.7535794122334646,7.941549411531488,2.7282828230381595,16.57768522055282,0.009708737864077669
UAV2UAV,RLSM-IMMTrack,test10_jl_hbd_6,184,184,0,0.812888198757764,0.8278473601516712,1.0,0.8097826086956522,0.8804347826086957,0.9456521739130435,0.8513427109974425,0.8278473601516712,5.919412316601295,2.784270746270159,11.897390661946407,0.0
UAV2UAV,RLSM-IMMTrack,test10_jl_hbd_7,138,138,0,0.3954451345755693,0.3756992264145182,0.4420289855072464,0.32608695652173914,0.463768115942029,0.5,0.3725490196078432,0.3756992264145182,198.856154036684,20.18616192750993,312.54592664321666,0.4855072463768116
UAV2UAV,RLSM-IMMTrack,test10_jl_hbd_8,123,123,0,0.8552071234998065,0.8700196501428653,0.975609756097561,0.9024390243902439,0.7642276422764228,0.9186991869918699,0.8823529411764706,0.8700196501428653,7.658712929558957,5.629638627692737,11.117604610835485,0.0
UAV2UAV,RLSM-IMMTrack,test10_jl_hbd_9,341,341,0,0.8567239212400501,0.8739767942314394,1.0,0.967741935483871,0.841642228739003,0.9736070381231672,0.9026507963889367,0.8739767942314394,6.198158875119138,4.451742531238267,8.754648332060638,0.0
UAV2UAV,RLSM-IMMTrack,test11_dj_1,260,260,0,0.7597069597069598,0.7733160271915531,0.9769230769230769,0.676923076923077,0.8653846153846154,0.9461538461538461,0.9070135746606335,0.7733160271915531,5.556209303984107,2.8863149265914743,10.93430597960752,0.0
UAV2UAV,RLSM-IMMTrack,test11_dj_2,625,625,0,0.7959619047619048,0.8097452668571415,0.9952,0.8864,0.8144,0.9584,0.9349019607843138,0.8097452668571415,7.032465593120562,5.507442423808654,9.669998996900269,0.0
UAV2UAV,RLSM-IMMTrack,test11_dj_3,215,215,0,0.7884828349944628,0.8044476642183273,0.9953488372093023,0.8930232558139535,0.7953488372093023,0.9627906976744186,0.9207478340173278,0.8044476642183273,7.604262797472912,5.430850703111251,11.28824164710673,0.0
UAV2UAV,RLSM-IMMTrack,test11_dj_4,564,564,0,0.8343465045592705,0.8500751582311172,1.0,0.9450354609929078,0.8173758865248227,0.9645390070921985,0.9357182589347796,0.8500751582311172,6.892603428042803,5.68398740114083,8.981387798433824,0.0
UAV2UAV,ARTrackV2-B-256,test1_DJI_0081_1,217,217,0,0.727671713846829,0.7357400988999401,0.9170506912442397,0.695852534562212,0.847926267281106,0.8986175115207373,0.7316345893195989,0.7357400988999401,54.9699983612757,6.0308804827700495,180.72828728831385,0.08294930875576037
UAV2UAV,ARTrackV2-B-256,test1_DJI_0081_2,729,729,0,0.8892154941537657,0.9089779841034215,1.0,0.9890260631001372,0.8491083676268861,0.9753086419753086,0.9395626563382555,0.9089779841034215,6.22516495351096,5.013406530392344,8.124036851916959,0.0
UAV2UAV,ARTrackV2-B-256,test1_DJI_0081_3,129,129,0,0.7515688445921004,0.7634078767564365,0.8992248062015504,0.7054263565891473,0.6589147286821705,0.8837209302325582,0.792825657394741,0.7634078767564365,8.881362974306608,7.092251512323593,11.500697344170577,0.0
UAV2UAV,ARTrackV2-B-256,test1_DJI_0081_4,314,314,0,0.7957233848953594,0.8113085317245817,0.9968152866242038,0.7929936305732485,1.0,1.0,0.8964031472461597,0.8113085317245817,2.609380824763335,2.275851333810408,3.161742803130491,0.0
UAV2UAV,ARTrackV2-B-256,test3_DJI_0087_1,400,400,0,0.47630952380952385,0.4744816197500471,0.4075,0.36,0.295,0.3475,0.6765686274509805,0.4744816197500471,66.05695179690333,52.67431572576459,89.56315968838821,0.1475
UAV2UAV,ARTrackV2-B-256,test3_DJI_0087_2,319,319,0,0.824899238692342,0.840318685735032,0.9435736677115988,0.8369905956112853,0.7210031347962382,0.8652037617554859,0.8376667281332596,0.840318685735032,10.698216530262409,4.913220953389079,21.335710590316822,0.009404388714733543
UAV2UAV,ARTrackV2-B-256,test3_DJI_0087_3,165,165,0,0.23867243867243862,0.22186920839406538,0.09090909090909091,0.012121212121212121,0.006060606060606061,0.012121212121212121,0.12869875222816402,0.22186920839406538,94.21266837578688,70.47934414149898,114.73907938642962,0.3090909090909091
UAV2UAV,ARTrackV2-B-256,test3_DJI_0087_4,200,200,0,0.848095238095238,0.8650525131402079,1.0,0.92,0.935,0.99,0.8893137254901962,0.8650525131402079,3.4818619499788013,2.270361222053376,5.341401854305608,0.0
UAV2UAV,ARTrackV2-B-256,test3_DJI_0087_5,302,302,0,0.8585619678334909,0.8758463779962344,0.9801324503311258,0.8841059602649006,0.6754966887417219,0.9072847682119205,0.8822880145435658,0.8758463779962344,8.906326964510459,5.970020384262205,12.638818033627802,0.0
UAV2UAV,ARTrackV2-B-256,test3_DJI_0087_6,516,516,0,0.7920819490586931,0.8066467358852737,0.9612403100775194,0.7344961240310077,0.8624031007751938,0.9573643410852714,0.8292673658610731,0.8066467358852737,5.06604068874059,2.6422279105668007,8.064962798416445,0.0
UAV2UAV,ARTrackV2-B-256,test3_DJI_0087_7,159,159,0,0.24947589098532505,0.23713181858066693,0.025157232704402517,0.012578616352201259,0.012578616352201259,0.025157232704402517,0.07300530275003084,0.23713181858066693,56.264800171674274,53.43456420485408,59.82912274701148,0.2389937106918239
UAV2UAV,ARTrackV2-B-256,test3_DJI_0087_8,211,211,0,0.8587226359738208,0.8777168520172556,1.0,0.8767772511848341,0.9004739336492891,1.0,0.883189294675216,0.8777168520172556,4.529041663290905,3.0606725660626593,5.9002365307446,0.0
UAV2UAV,ARTrackV2-B-256,test4_DJI_0101_1,986,986,0,0.8222254419008983,0.8386190495235719,0.9979716024340771,0.8843813387423936,0.9503042596348884,0.9929006085192698,0.9202362486576781,0.8386190495235719,4.052690119336568,3.061270456927599,5.316004726213278,0.0
UAV2UAV,ARTrackV2-B-256,test4_DJI_0101_2,556,556,0,0.7477732100034258,0.7601377467890549,0.9568345323741008,0.6097122302158273,0.6510791366906474,0.89568345323741,0.8703625335026096,0.7601377467890549,25.121933305476826,7.611854224589807,99.15440652112687,0.030575539568345324
UAV2UAV,ARTrackV2-B-256,test4_DJI_0101_3,248,248,0,0.6945084485407066,0.702974462062093,0.8104838709677419,0.5443548387096774,0.6975806451612904,0.8830645161290323,0.7725332068311197,0.702974462062093,9.8280104087405,6.239582775236741,15.380348769923316,0.0
UAV2UAV,ARTrackV2-B-256,test4_DJI_0101_4,836,836,0,0.3283777625882889,0.3064451431122295,0.3815789473684211,0.17583732057416268,0.35287081339712917,0.4019138755980861,0.38854489164086675,0.3064451431122295,703.5578946310952,664.2170051816884,992.8037949188719,0.5418660287081339
UAV2UAV,ARTrackV2-B-256,test5_DJI_0102_1,60,60,0,0.5547619047619049,0.5565505654580931,0.5666666666666667,0.25,0.45,0.6833333333333333,0.6852941176470588,0.5565505654580931,19.90922765615083,11.111856641414807,28.627082391333797,0.03333333333333333
UAV2UAV,ARTrackV2-B-256,test5_DJI_0102_2,306,306,0,0.796451914098973,0.8103845287916845,0.9052287581699346,0.7712418300653595,0.8235294117647058,0.8986928104575164,0.8328847879020889,0.8103845287916845,6.468910728645582,2.8307496098831955,11.166534229797625,0.0
UAV2UAV,ARTrackV2-B-256,test5_DJI_0102_3,217,217,0,0.7059468948869869,0.7170346504951962,0.8617511520737328,0.5714285714285714,0.7465437788018433,0.8387096774193549,0.7527785307671456,0.7170346504951962,47.97714185649696,4.439150399422363,157.29462658535274,0.0967741935483871
UAV2UAV,ARTrackV2-B-256,test5_DJI_0102_4,676,676,0,0.705409974640744,0.7162527641635433,0.7825443786982249,0.5739644970414202,0.9186390532544378,0.992603550295858,0.799889778396566,0.7162527641635433,4.254111870968058,1.9655575281223923,8.821373337377644,0.0073964497041420114
UAV2UAV,ARTrackV2-B-256,test6_DJI_0103_1,1544,1544,0,0.7048174191956574,0.7145655492337588,0.8594559585492227,0.5349740932642487,0.8018134715025906,0.9261658031088082,0.7994894849131362,0.7145655492337588,12.427060145939711,3.9665208390948687,76.91407519447618,0.013601036269430052
UAV2UAV,ARTrackV2-B-256,test6_DJI_0103_2,451,451,0,0.13124274099883856,0.09161220535709395,0.11751662971175167,0.05543237250554324,0.06873614190687362,0.08647450110864745,0.09612625538020086,0.09161220535709395,654.7389656021053,651.0872384829045,752.8280966543848,0.8758314855875832
UAV2UAV,ARTrackV2-B-256,test6_DJI_0103_3,103,103,0,0.05686546463245492,0.01173991685136774,0.009708737864077669,0.009708737864077669,0.009708737864077669,0.009708737864077669,0.009708737864077667,0.01173991685136774,1372.4794128831934,1394.3471747325577,1538.3890372121548,0.9902912621359223
UAV2UAV,ARTrackV2-B-256,test6_DJI_0103_4,1566,1566,0,0.7916742686857628,0.8060814610648899,0.9521072796934866,0.7611749680715197,0.7860791826309068,0.9259259259259259,0.8352240002003357,0.8060814610648899,18.64906901690286,3.942176778519488,105.23411818185376,0.017241379310344827
UAV2UAV,ARTrackV2-B-256,test6_DJI_0103_5,1051,1051,0,0.2576231253681301,0.2286221047815532,0.2445290199809705,0.17887725975261656,0.15699333967649856,0.18173168411037108,0.23352176265368182,0.2286221047815532,717.8079842728141,721.8051957444063,950.3144317443654,0.6917221693625119
UAV2UAV,ARTrackV2-B-256,test7_DJI_0106_1,768,768,0,0.8788442460317459,0.8978480534178231,0.9869791666666666,0.9453125,0.71484375,0.9075520833333334,0.9150326797385622,0.8978480534178231,9.244543215924251,5.542594541914767,16.39678022761447,0.0078125
UAV2UAV,ARTrackV2-B-256,test7_DJI_0106_2,243,243,0,0.8638056045463453,0.8813371517603499,0.9711934156378601,0.9053497942386831,0.8065843621399177,0.9135802469135802,0.8920358266763497,0.8813371517603499,8.903790780040541,4.672031951147927,17.401770921849277,0.0
UAV2UAV,ARTrackV2-B-256,test7_DJI_0106_3,446,446,0,0.8727311552423661,0.8917423427761608,1.0,0.9080717488789237,0.8363228699551569,0.9551569506726457,0.9024004220522289,0.8917423427761608,6.306073400563855,4.361682688306088,8.608640254908869,0.0
UAV2UAV,ARTrackV2-B-256,test8_DJI_0107_1,1683,1683,0,0.5736921031038678,0.5726413046044949,0.7076648841354723,0.4087938205585264,0.42483660130718953,0.7219251336898396,0.7064415784138967,0.5726413046044949,314.2542739815763,11.658419293055394,765.1613982729828,0.1830065359477124
UAV2UAV,ARTrackV2-B-256,test8_DJI_0107_2,251,251,0,0.7613356099411878,0.7753578171872332,1.0,0.6414342629482072,0.7410358565737052,0.9840637450199203,0.9057886102648229,0.7753578171872332,7.8547608577682,7.403317161621098,8.752716037597727,0.0
UAV2UAV,ARTrackV2-B-256,test8_DJI_0107_3,459,459,0,0.829546633468202,0.8457834122656107,1.0,0.9019607843137255,0.35294117647058826,0.8714596949891068,0.9235764022384552,0.8457834122656107,13.295170955545784,12.199435231715688,14.847965536584223,0.0
UAV2UAV,ARTrackV2-B-256,test9_DJI_0192_1,171,171,0,0.7571707045391255,0.7684324107772503,1.0,0.6023391812865497,1.0,1.0,0.9212246302029584,0.7684324107772503,2.000684526811099,1.9662789131728473,2.226802459705155,0.0
UAV2UAV,ARTrackV2-B-256,test9_DJI_0192_2,52,52,0,0.6474358974358976,0.6519303457025767,0.9807692307692307,0.17307692307692307,0.23076923076923078,0.8269230769230769,0.8129713423831071,0.6519303457025767,14.241746334385779,14.10325631506755,15.636663971029579,0.0
UAV2UAV,ARTrackV2-B-256,test9_DJI_0192_3,1001,1001,0,0.5396032538889681,0.5416427053932628,0.6233766233766234,0.07992007992007992,0.5584415584415584,0.8581418581418582,0.8687782805429864,0.5416427053932628,10.972974136501376,8.824720949543044,13.271301129162495,0.0
UAV2UAV,ARTrackV2-B-256,test9_DJI_0192_4,4521,4521,0,0.4273601499878872,0.41489352480210273,0.5527538155275381,0.163680601636806,0.5392612253926122,0.6151293961512939,0.5468077078210183,0.41489352480210273,242.25956276811206,7.90269030038276,414.69124828239194,0.3596549435965494
UAV2UAV,ARTrackV2-B-256,test9_DJI_0192_5,1669,1669,0,0.4204399554908843,0.41316305220588595,0.3768723786698622,0.007189934092270821,0.6267225883762733,0.8070701018573997,0.7468367814471505,0.41316305220588595,52.18684996850302,7.827737793284755,152.44318279438917,0.14140203714799282
UAV2UAV,ARTrackV2-B-256,test10_jl_hbd_1,389,389,0,0.7224874525645735,0.734702276658853,0.8200514138817481,0.6298200514138818,0.8508997429305912,0.9665809768637532,0.7973184132264732,0.734702276658853,5.625971004025468,2.817465088717019,10.27611051991243,0.007712082262210797
UAV2UAV,ARTrackV2-B-256,test10_jl_hbd_2,137,137,0,0.5755995828988529,0.5789641477368913,0.6423357664233577,0.4306569343065693,0.6934306569343066,0.8248175182481752,0.6854157721482754,0.5789641477368913,10.333142075549613,5.866923166340637,15.690029745097053,0.10218978102189781
UAV2UAV,ARTrackV2-B-256,test10_jl_hbd_3,742,742,0,0.7457964317802593,0.7582083024347264,0.8975741239892183,0.6320754716981132,0.7735849056603774,0.9177897574123989,0.7624332751968711,0.7582083024347264,6.852452725357622,3.2038062768024345,10.789276968443977,0.004043126684636119
UAV2UAV,ARTrackV2-B-256,test10_jl_hbd_4,287,287,0,0.08943089430894309,0.04776432842138694,0.041811846689895474,0.003484320557491289,0.003484320557491289,0.059233449477351915,0.03156384505021521,0.04776432842138694,519.4256324073326,440.486299298941,667.9237470955442,0.8815331010452961
UAV2UAV,ARTrackV2-B-256,test10_jl_hbd_5,309,309,0,0.7458776390815226,0.7582602675854864,0.8964401294498382,0.6504854368932039,0.8025889967637541,0.9158576051779935,0.7747318992321849,0.7582602675854864,7.009724617566523,2.704187597493424,12.358681529703553,0.0
UAV2UAV,ARTrackV2-B-256,test10_jl_hbd_6,184,184,0,0.7877846790890272,0.8015779520469081,0.9836956521739131,0.7391304347826086,0.8369565217391305,0.9456521739130435,0.8238491048593352,0.8015779520469081,6.926875684564811,3.4562281596579556,12.533024994065538,0.0
UAV2UAV,ARTrackV2-B-256,test10_jl_hbd_7,138,138,0,0.47515527950310554,0.4694532295809424,0.5072463768115942,0.3188405797101449,0.5579710144927537,0.6884057971014492,0.45581131003125896,0.4694532295809424,61.79091666372393,7.907801671994301,125.30338795194804,0.2826086956521739
UAV2UAV,ARTrackV2-B-256,test10_jl_hbd_8,123,123,0,0.8284939992257065,0.8445205641594645,0.991869918699187,0.8455284552845529,0.7073170731707317,0.8780487804878049,0.8688028056751155,0.8445205641594645,8.951911386114594,6.202638647205213,12.683650736509913,0.0
UAV2UAV,ARTrackV2-B-256,test10_jl_hbd_9,341,341,0,0.8582600195503421,0.8764228998108704,1.0,0.9589442815249267,0.8475073313782991,0.9706744868035191,0.902190788338796,0.8764228998108704,6.177266557358562,4.321481160213411,8.677001538257077,0.0
UAV2UAV,ARTrackV2-B-256,test11_dj_1,260,260,0,0.741941391941392,0.7541850453190175,0.9730769230769231,0.5576923076923077,0.8846153846153846,0.9461538461538461,0.8998491704374058,0.7541850453190175,5.994931432925351,3.475487841372338,11.099870007727054,0.0
UAV2UAV,ARTrackV2-B-256,test11_dj_2,625,625,0,0.7709714285714284,0.7840671898671222,0.9168,0.8032,0.7168,0.8576,0.9052235294117648,0.7840671898671222,11.790973215041083,6.190803011581505,19.21911462138775,0.0
UAV2UAV,ARTrackV2-B-256,test11_dj_3,215,215,0,0.8086378737541527,0.8233121425628412,0.9906976744186047,0.958139534883721,0.8093023255813954,0.9627906976744186,0.9191974464204287,0.8233121425628412,7.66064181825738,5.734316221237889,11.101365049716224,0.0
UAV2UAV,ARTrackV2-B-256,test11_dj_4,564,564,0,0.8371327254305977,0.854499831833043,1.0,0.9627659574468085,0.7819148936170213,0.9574468085106383,0.9328327075511055,0.854499831833043,7.19083357988137,5.6326034105115985,9.28385792115148,0.0
UAV2UAV,MCITrack-B224,test1_DJI_0081_1,217,217,0,0.7022163704191355,0.7100966546098901,0.8847926267281107,0.7050691244239631,0.8341013824884793,0.8847926267281107,0.7017258516309752,0.7100966546098901,60.75467175802473,6.328197970264715,183.19543175437056,0.11059907834101383
UAV2UAV,MCITrack-B224,test1_DJI_0081_2,729,729,0,0.9046965837089294,0.9240815653677015,1.0,0.9945130315500685,0.869684499314129,0.9849108367626886,0.9455606659673472,0.9240815653677015,5.591978946690682,4.588970447440991,7.136343631232071,0.0
UAV2UAV,MCITrack-B224,test1_DJI_0081_3,129,129,0,0.757844222960502,0.771355659962609,0.8914728682170543,0.7286821705426356,0.6434108527131783,0.8914728682170543,0.7817297461620306,0.771355659962609,10.927648986778784,7.013453837483635,21.389985161769353,0.015503875968992248
UAV2UAV,MCITrack-B224,test1_DJI_0081_4,314,314,0,0.8099787685774947,0.8255087564212196,0.9968152866242038,0.8343949044585988,1.0,1.0,0.909204446109654,0.8255087564212196,2.282862894557657,2.0619340975789098,2.68782519462796,0.0
UAV2UAV,MCITrack-B224,test3_DJI_0087_1,400,400,0,0.9069047619047618,0.9264812243539867,1.0,0.985,0.695,0.89,0.9362254901960785,0.9264812243539867,8.679018022608448,5.513372531390854,12.231517124495932,0.0
UAV2UAV,MCITrack-B224,test3_DJI_0087_2,319,319,0,0.8277354829078967,0.8427673730884756,0.9498432601880877,0.8620689655172413,0.7554858934169278,0.8683385579937304,0.8459647181756716,0.8427673730884756,10.194532384734117,4.4933111473812275,21.112069072360864,0.006269592476489028
UAV2UAV,MCITrack-B224,test3_DJI_0087_3,165,165,0,0.06637806637806638,0.02048112559570161,0.01818181818181818,0.012121212121212121,0.006060606060606061,0.012121212121212121,0.016280451574569216,0.02048112559570161,1489.4967461796168,1370.1705455991614,1794.7377625821084,0.9575757575757575
UAV2UAV,MCITrack-B224,test3_DJI_0087_4,200,200,0,0.852142857142857,0.8684869504545619,1.0,0.93,0.935,0.99,0.9008823529411765,0.8684869504545619,3.252523458919038,1.9702434517885887,5.117554254855066,0.0
UAV2UAV,MCITrack-B224,test3_DJI_0087_5,302,302,0,0.859981078524125,0.8766856395092781,0.9867549668874173,0.9072847682119205,0.6887417218543046,0.9006622516556292,0.8844305934294246,0.8766856395092781,8.72738210800872,5.746007750480153,12.836586687439475,0.0
UAV2UAV,MCITrack-B224,test3_DJI_0087_6,516,516,0,0.7888519748984864,0.8037201522110012,0.9515503875968992,0.7403100775193798,0.8488372093023255,0.9496124031007752,0.8205274357805139,0.8037201522110012,6.134889576802299,2.6611913463319574,14.658064628104535,0.007751937984496124
UAV2UAV,MCITrack-B224,test3_DJI_0087_7,159,159,0,0.24378556454028158,0.23151534577774135,0.025157232704402517,0.012578616352201259,0.012578616352201259,0.025157232704402517,0.06486619805154767,0.23151534577774135,57.16690786011171,54.10658198181427,60.7407860450883,0.2389937106918239
UAV2UAV,MCITrack-B224,test3_DJI_0087_8,211,211,0,0.8641390205371248,0.8807961994702312,1.0,0.8957345971563981,0.9052132701421801,1.0,0.8907164761639254,0.8807961994702312,4.1948024670952115,2.815580712873018,5.55414975998954,0.0
UAV2UAV,MCITrack-B224,test4_DJI_0101_1,986,986,0,0.8566116101613058,0.8745763626646553,1.0,0.9563894523326572,0.9513184584178499,1.0,0.9258043988386429,0.8745763626646553,3.891187576127419,3.0550085216640555,4.898932813195247,0.0
UAV2UAV,MCITrack-B224,test4_DJI_0101_2,556,556,0,0.8138060979787598,0.828986074789375,0.9712230215827338,0.7913669064748201,0.6133093525179856,0.9154676258992805,0.8823176752715475,0.828986074789375,11.975565177031125,8.301034722830213,32.650426813352816,0.00539568345323741
UAV2UAV,MCITrack-B224,test4_DJI_0101_3,248,248,0,0.331605222734255,0.3081637247059698,0.3629032258064516,0.29435483870967744,0.2701612903225806,0.35080645161290325,0.3221062618595825,0.3081637247059698,1151.3573102215535,1077.3836121256459,1600.5621415259145,0.6088709677419355
UAV2UAV,MCITrack-B224,test4_DJI_0101_4,836,836,0,0.7677147413989519,0.7810016795385486,0.9126794258373205,0.7069377990430622,0.8600478468899522,0.9401913875598086,0.8347171404446947,0.7810016795385486,9.603051028971503,3.3413976392653746,32.35267422365375,0.01674641148325359
UAV2UAV,MCITrack-B224,test5_DJI_0102_1,60,60,0,0.6515873015873017,0.6616797131250532,0.65,0.5666666666666667,0.5666666666666667,0.6833333333333333,0.7196078431372548,0.6616797131250532,18.28324178962867,6.374457058659785,28.052658384641305,0.016666666666666666
UAV2UAV,MCITrack-B224,test5_DJI_0102_2,306,306,0,0.8008092125739185,0.8153348075221868,0.9509803921568627,0.7777777777777778,0.8496732026143791,0.9411764705882353,0.8471100858644112,0.8153348075221868,5.759262637739889,2.4280611021508616,10.009780586184998,0.0
UAV2UAV,MCITrack-B224,test5_DJI_0102_3,217,217,0,0.7834101382488479,0.7979824902187191,0.9861751152073732,0.6129032258064516,0.783410138248848,0.9124423963133641,0.82642089093702,0.7979824902187191,7.980472697142074,4.418079703723197,12.154119577763424,0.0
UAV2UAV,MCITrack-B224,test5_DJI_0102_4,676,676,0,0.7562693716539869,0.7692006167699,0.9526627218934911,0.5710059171597633,0.9748520710059172,1.0,0.8235584174498204,0.7692006167699,2.91827006141211,1.864347515282471,3.9324074343722377,0.0
UAV2UAV,MCITrack-B224,test6_DJI_0103_1,1544,1544,0,0.7607327905255366,0.7734357593579133,0.9501295336787565,0.6632124352331606,0.8477979274611399,0.9546632124352331,0.8298537031392866,0.7734357593579133,10.937518013649763,3.377627555479419,76.35489208905437,0.007124352331606218
UAV2UAV,MCITrack-B224,test6_DJI_0103_2,451,451,0,0.16017316017316016,0.1223130599219696,0.14855875831485588,0.09312638580931264,0.07538802660753881,0.11751662971175167,0.126864049389157,0.1223130599219696,905.9501227904063,911.0712328534644,1154.1795511091332,0.8314855875831486
UAV2UAV,MCITrack-B224,test6_DJI_0103_3,103,103,0,0.05686546463245492,0.012766027871246817,0.009708737864077669,0.009708737864077669,0.009708737864077669,0.009708737864077669,0.009708737864077667,0.012766027871246817,1114.5403440067535,916.7884183798174,1271.5076569831658,0.9902912621359223
UAV2UAV,MCITrack-B224,test6_DJI_0103_4,1566,1566,0,0.802803624642705,0.8175031271683504,0.9642401021711366,0.8333333333333334,0.8384418901660281,0.9393358876117497,0.8530288232789925,0.8175031271683504,18.111635633120763,3.3045453753070246,105.47859180583558,0.01979565772669221
UAV2UAV,MCITrack-B224,test6_DJI_0103_5,1051,1051,0,0.7614063703502332,0.774682396843042,0.8924833491912464,0.6803044719314938,0.6517602283539486,0.7668886774500476,0.808193876979907,0.774682396843042,12.285936210877193,5.593798850736428,19.23686653781985,0.0019029495718363464
UAV2UAV,MCITrack-B224,test7_DJI_0106_1,768,768,0,0.8698536706349204,0.8885978984655992,0.9869791666666666,0.9544270833333334,0.7682291666666666,0.9296875,0.9197559232026142,0.8885978984655992,8.335258408113537,5.620259104731129,14.314877332760751,0.0013020833333333333
UAV2UAV,MCITrack-B224,test7_DJI_0106_2,243,243,0,0.8734077993337253,0.8919280995447082,0.9794238683127572,0.9176954732510288,0.8724279835390947,0.9465020576131687,0.9144678447510691,0.8919280995447082,6.633096886065795,4.030740586772471,11.368627508724119,0.0
UAV2UAV,MCITrack-B224,test7_DJI_0106_3,446,446,0,0.8792440743113388,0.8974614585522637,1.0,0.9170403587443946,0.8430493273542601,0.9551569506726457,0.9085993141651278,0.8974614585522637,5.817238024259819,3.8954011923742753,8.37791986258903,0.0
UAV2UAV,MCITrack-B224,test8_DJI_0107_1,1683,1683,0,0.6694394929689048,0.6776816483908014,0.7967914438502673,0.47058823529411764,0.6167557932263814,0.9096850861556743,0.8691761909754987,0.6776816483908014,11.394304734922962,8.166236447919616,20.546706658996538,0.006535947712418301
UAV2UAV,MCITrack-B224,test8_DJI_0107_2,251,251,0,0.817871371656232,0.8349419970996914,1.0,0.9123505976095617,0.7689243027888446,0.9880478087649402,0.9125068354034842,0.8349419970996914,7.250603239337408,6.554731116188084,8.2429966570088,0.0
UAV2UAV,MCITrack-B224,test8_DJI_0107_3,459,459,0,0.8590102707749766,0.8760440384819619,1.0,0.9738562091503268,0.5468409586056645,0.9302832244008714,0.9359220812508009,0.8760440384819619,10.489180995919396,9.607929574282606,12.041564375970784,0.0
UAV2UAV,MCITrack-B224,test9_DJI_0192_1,171,171,0,0.797270955165692,0.809978003770514,1.0,0.7894736842105263,1.0,1.0,0.912280701754386,0.809978003770514,2.1660771524491307,2.1790449601973703,2.3788316111167633,0.0
UAV2UAV,MCITrack-B224,test9_DJI_0192_2,52,52,0,0.7591575091575093,0.7741734258214515,1.0,0.5576923076923077,0.5961538461538461,0.8846153846153846,0.8665158371040724,0.7741734258214515,10.187306158111856,7.9048376072803315,12.302803944230307,0.0
UAV2UAV,MCITrack-B224,test9_DJI_0192_3,1001,1001,0,0.5392226820798248,0.5421531872844858,0.6233766233766234,0.1108891108891109,0.6623376623376623,0.8771228771228772,0.81827975945623,0.5421531872844858,13.461405701824658,7.660380192309587,23.5469730727661,0.0
UAV2UAV,MCITrack-B224,test9_DJI_0192_4,4521,4521,0,0.6451164407368788,0.6526850049159997,0.8887414288874143,0.2384428223844282,0.9053306790533068,0.9858438398584384,0.8528175702928815,0.6526850049159997,5.054345499403643,3.9284027926044702,6.892578375537019,0.0015483300154833
UAV2UAV,MCITrack-B224,test9_DJI_0192_5,1669,1669,0,0.276898057005906,0.2576886015370796,0.21689634511683642,0.007789095266626723,0.3559017375674056,0.49430796884361894,0.4491594121171536,0.2576886015370796,213.6014749637303,24.005800535464942,336.3882952363305,0.4793289394847214
UAV2UAV,MCITrack-B224,test10_jl_hbd_1,389,389,0,0.7364426490390501,0.7476543446709634,0.8483290488431876,0.6709511568123393,0.87146529562982,0.9485861182519281,0.7996874842481979,0.7476543446709634,6.626670148250362,2.552977586741194,19.02474197276585,0.012853470437017995
UAV2UAV,MCITrack-B224,test10_jl_hbd_2,137,137,0,0.6732707681612791,0.6848121432246586,0.781021897810219,0.5620437956204379,0.7664233576642335,0.8978102189781022,0.7448117933304711,0.6848121432246586,7.513937203253564,4.5403524795350725,11.081136453624735,0.0
UAV2UAV,MCITrack-B224,test10_jl_hbd_3,742,742,0,0.7546528045180336,0.7674848814670476,0.9029649595687331,0.6873315363881402,0.7978436657681941,0.9164420485175202,0.7756461074996036,0.7674848814670476,7.25552375187057,2.81279703684729,14.977103160616918,0.013477088948787063
UAV2UAV,MCITrack-B224,test10_jl_hbd_4,287,287,0,0.05209888833582214,0.005548596756833741,0.003484320557491289,0.003484320557491289,0.003484320557491289,0.003484320557491289,0.004167520666803307,0.005548596756833741,889.0790550055983,906.7868553993758,986.7810433789323,0.9930313588850174
UAV2UAV,MCITrack-B224,test10_jl_hbd_5,309,309,0,0.713823393435044,0.7235722858572388,0.8381877022653722,0.6375404530744336,0.7540453074433657,0.8478964401294499,0.7350085665334096,0.7235722858572388,15.735874128213693,2.8442038991751404,50.03356142626356,0.045307443365695796
UAV2UAV,MCITrack-B224,test10_jl_hbd_6,184,184,0,0.8157349896480331,0.8305906462760507,1.0,0.8152173913043478,0.8913043478260869,0.9456521739130435,0.8520886615515773,0.8305906462760507,5.936167529935148,2.7978346331360013,12.077006757863158,0.0
UAV2UAV,MCITrack-B224,test10_jl_hbd_7,138,138,0,0.3423050379572118,0.320663112142363,0.38405797101449274,0.2753623188405797,0.38405797101449274,0.427536231884058,0.32026143790849676,0.320663112142363,348.24195362356426,277.0138952401985,514.6997186487226,0.572463768115942
UAV2UAV,MCITrack-B224,test10_jl_hbd_8,123,123,0,0.850561362756485,0.8669854032613791,0.983739837398374,0.8861788617886179,0.7154471544715447,0.9186991869918699,0.8766140602582496,0.8669854032613791,8.018522163706566,6.260603358966173,11.435798722993368,0.0
UAV2UAV,MCITrack-B224,test10_jl_hbd_9,341,341,0,0.8476469766792347,0.8655052585204519,1.0,0.9618768328445748,0.8475073313782991,0.9765395894428153,0.9082283939968949,0.8655052585204519,5.835917370009788,4.113726282678378,8.415439674099243,0.0
UAV2UAV,MCITrack-B224,test11_dj_1,260,260,0,0.8241758241758242,0.8400325338223926,0.9769230769230769,0.9192307692307692,0.8692307692307693,0.9461538461538461,0.9045248868778281,0.8400325338223926,5.701487201642753,2.9740018002797637,11.039080408698325,0.0
UAV2UAV,MCITrack-B224,test11_dj_2,625,625,0,0.8152380952380953,0.832311042202935,0.9952,0.9264,0.84,0.9584,0.9375058823529411,0.832311042202935,6.811404618574225,5.108341793621722,9.562049490138623,0.0
UAV2UAV,MCITrack-B224,test11_dj_3,215,215,0,0.8403100775193797,0.8567620184300643,0.9906976744186047,0.9720930232558139,0.7581395348837209,0.958139534883721,0.9153670770633834,0.8567620184300643,8.260678038860757,5.7704706173016636,12.321495888302492,0.0
UAV2UAV,MCITrack-B224,test11_dj_4,564,564,0,0.874788922661263,0.8931365423599729,1.0,0.9840425531914894,0.8049645390070922,0.9521276595744681,0.9331803643443193,0.8931365423599729,7.090141899164243,5.4010881012841185,9.223599124297618,0.0
UAV2UAV,UETrack-B,test1_DJI_0081_1,217,217,0,0.6998025016458195,0.7068321369911018,0.8755760368663594,0.7096774193548387,0.8433179723502304,0.8755760368663594,0.7094063431824345,0.7068321369911018,62.91795344167226,5.9229920216929255,186.78351909040342,0.11981566820276497
UAV2UAV,UETrack-B,test1_DJI_0081_2,729,729,0,0.8978378731465151,0.917998646586255,1.0,0.9931412894375857,0.8395061728395061,0.9766803840877915,0.9428171817423814,0.917998646586255,6.099880746432898,4.763998673443219,7.819339321399485,0.0
UAV2UAV,UETrack-B,test1_DJI_0081_3,129,129,0,0.7416020671834624,0.7502174621251131,0.8914728682170543,0.7131782945736435,0.6511627906976745,0.875968992248062,0.7785377716978265,0.7502174621251131,11.659668762412045,6.6671738068151685,22.628551227205225,0.031007751937984496
UAV2UAV,UETrack-B,test1_DJI_0081_4,314,314,0,0.8119502578101303,0.827774606672237,1.0,0.8407643312101911,1.0,1.0,0.900711877107531,0.827774606672237,2.509494268828308,2.198690082186009,2.967660052260596,0.0
UAV2UAV,UETrack-B,test3_DJI_0087_1,400,400,0,0.8838095238095239,0.9029925570891278,0.9925,0.96,0.635,0.8175,0.9278431372549021,0.9029925570891278,10.837738228201651,6.692698110178903,15.20086187755497,0.0
UAV2UAV,UETrack-B,test3_DJI_0087_2,319,319,0,0.8289296909986564,0.8460471472673294,0.9435736677115988,0.8620689655172413,0.7429467084639498,0.8620689655172413,0.8460876513614852,0.8460471472673294,10.305538092358141,4.1777033218103385,21.130849137699116,0.009404388714733543
UAV2UAV,UETrack-B,test3_DJI_0087_3,165,165,0,0.2634920634920634,0.24892004268106904,0.10909090909090909,0.012121212121212121,0.01818181818181818,0.024242424242424242,0.15115864527629233,0.24892004268106904,86.16549001109,65.13222236493456,105.98048850430193,0.22424242424242424
UAV2UAV,UETrack-B,test3_DJI_0087_4,200,200,0,0.8452380952380952,0.8626563494456488,1.0,0.91,0.935,0.99,0.8851960784313725,0.8626563494456488,3.698545363805718,2.497831385881479,5.560274669546611,0.0
UAV2UAV,UETrack-B,test3_DJI_0087_5,302,302,0,0.8555660674865971,0.8759325819271128,0.9867549668874173,0.890728476821192,0.6887417218543046,0.9039735099337748,0.8813790416828984,0.8759325819271128,9.063786304618022,6.105105606835075,12.688430716121099,0.0
UAV2UAV,UETrack-B,test3_DJI_0087_6,516,516,0,0.7690107050572166,0.7819586399321444,0.9244186046511628,0.7015503875968992,0.8294573643410853,0.9263565891472868,0.7967396260829913,0.7819586399321444,7.523143551870477,2.9942685331236465,17.84471769128022,0.011627906976744186
UAV2UAV,UETrack-B,test3_DJI_0087_7,159,159,0,0.2455825097334532,0.23284352666031857,0.025157232704402517,0.012578616352201259,0.012578616352201259,0.025157232704402517,0.06548279689234185,0.23284352666031857,56.960572971077106,53.053307566800456,60.55256263649959,0.23270440251572327
UAV2UAV,UETrack-B,test3_DJI_0087_8,211,211,0,0.8600767321146469,0.8800977376376802,1.0,0.8862559241706162,0.9052132701421801,1.0,0.8863488523371434,0.8800977376376802,4.3969060533302615,2.821700850899861,5.745630255898547,0.0
UAV2UAV,UETrack-B,test4_DJI_0101_1,986,986,0,0.8212112431179369,0.8365884683912066,0.9959432048681541,0.8772819472616633,0.9442190669371197,0.9908722109533469,0.9207731774251283,0.8365884683912066,4.274522305630135,3.341470379476842,5.715960608048408,0.0
UAV2UAV,UETrack-B,test4_DJI_0101_2,556,556,0,0.7550531003768414,0.7680511609643534,0.9496402877697842,0.5971223021582733,0.6061151079136691,0.8776978417266187,0.8711736493158415,0.7680511609643534,12.001102340314352,8.237439282535178,19.97862343828807,0.007194244604316547
UAV2UAV,UETrack-B,test4_DJI_0101_3,248,248,0,0.5612519201228878,0.5574032785667098,0.6774193548387096,0.43951612903225806,0.5120967741935484,0.6733870967741935,0.5887887413029729,0.5574032785667098,102.0929394594999,9.601350481030382,196.02666388883358,0.24596774193548387
UAV2UAV,UETrack-B,test4_DJI_0101_4,836,836,0,0.469753930280246,0.45811646602820405,0.5454545454545454,0.39473684210526316,0.4892344497607656,0.5406698564593302,0.5162773243268599,0.45811646602820405,463.75692975896897,11.260548618271361,785.6183674745403,0.39952153110047844
UAV2UAV,UETrack-B,test5_DJI_0102_1,60,60,0,0.503968253968254,0.50259203801817,0.5,0.36666666666666664,0.5,0.6,0.6382352941176471,0.50259203801817,36.23383044239646,9.784920745504696,68.83346867141151,0.11666666666666667
UAV2UAV,UETrack-B,test5_DJI_0102_2,306,306,0,0.8018985371926549,0.8159619714512114,0.9444444444444444,0.7777777777777778,0.8464052287581699,0.9183006535947712,0.8451877483019351,0.8159619714512114,6.0527467057693505,2.8952186518125353,10.130757312737323,0.0
UAV2UAV,UETrack-B,test5_DJI_0102_3,217,217,0,0.7182356813693219,0.7298806597739818,0.847926267281106,0.695852534562212,0.7511520737327189,0.847926267281106,0.7689527423872774,0.7298806597739818,31.981544232528563,4.288715446453801,76.81614963872003,0.08294930875576037
UAV2UAV,UETrack-B,test5_DJI_0102_4,676,676,0,0.09101155255001411,0.047113569015240775,0.04881656804733728,0.03994082840236687,0.05325443786982249,0.06360946745562131,0.045974010906137605,0.047113569015240775,1030.3886555176211,1087.9552915329364,1164.6143810164424,0.9334319526627219
UAV2UAV,UETrack-B,test6_DJI_0103_1,1544,1544,0,0.7086725882062671,0.7187509182439333,0.8879533678756477,0.5375647668393783,0.8212435233160622,0.9384715025906736,0.81067763893122,0.7187509182439333,11.59186279070399,3.783082032251397,76.46388976670163,0.011658031088082901
UAV2UAV,UETrack-B,test6_DJI_0103_2,451,451,0,0.1563720832013515,0.11916335136509136,0.14412416851441243,0.0975609756097561,0.07538802660753881,0.11751662971175167,0.125820616494935,0.11916335136509136,710.4665509629324,759.7013980617003,830.6461016910208,0.8425720620842572
UAV2UAV,UETrack-B,test6_DJI_0103_3,103,103,0,0.05686546463245492,0.012935089752165176,0.009708737864077669,0.009708737864077669,0.009708737864077669,0.009708737864077669,0.009708737864077667,0.012935089752165176,1095.7076763528407,949.5537100672432,1276.273253814961,0.9902912621359223
UAV2UAV,UETrack-B,test6_DJI_0103_4,1566,1566,0,0.7125828620081494,0.720120275952226,0.8422733077905492,0.7113665389527458,0.723499361430396,0.8301404853128991,0.7520221370796083,0.720120275952226,105.38872153813632,4.333083298136444,293.938937964026,0.13090676883780333
UAV2UAV,UETrack-B,test6_DJI_0103_5,1051,1051,0,0.46300575415703854,0.45059523239451604,0.4966698382492864,0.4300666032350143,0.38534728829686016,0.4329210275927688,0.45840562676069474,0.45059523239451604,490.94878500725946,42.7761597182671,771.4764809905419,0.45004757373929594
UAV2UAV,UETrack-B,test7_DJI_0106_1,768,768,0,0.8591889880952381,0.8771587558601954,0.97265625,0.9205729166666666,0.65625,0.87109375,0.8932802287581699,0.8771587558601954,34.74328163529629,6.699024625003747,183.2501269579564,0.022135416666666668
UAV2UAV,UETrack-B,test7_DJI_0106_2,243,243,0,0.8491083676268861,0.8672025770620223,0.9753086419753086,0.8806584362139918,0.7942386831275721,0.9465020576131687,0.897442104413782,0.8672025770620223,8.332133672748679,4.972620655323477,16.244263604487056,0.0
UAV2UAV,UETrack-B,test7_DJI_0106_3,446,446,0,0.8771086910100363,0.8956456936979873,0.9955156950672646,0.9192825112107623,0.8340807174887892,0.9618834080717489,0.9097423722852369,0.8956456936979873,5.993193650261437,3.940843665300929,8.509419047634621,0.0
UAV2UAV,UETrack-B,test8_DJI_0107_1,1683,1683,0,0.6281866281866283,0.632070335296553,0.7789661319073083,0.48128342245989303,0.47355912061794414,0.7736185383244206,0.7591485792177832,0.632070335296553,163.86443475339559,10.48560010519745,485.2605583077232,0.12715389185977422
UAV2UAV,UETrack-B,test8_DJI_0107_2,251,251,0,0.7675962815405047,0.7812037870794545,1.0,0.701195219123506,0.749003984063745,0.9840637450199203,0.9081321771736582,0.7812037870794545,7.629277815335442,7.1571306397002195,8.645484393619371,0.0
UAV2UAV,UETrack-B,test8_DJI_0107_3,459,459,0,0.8262267870111005,0.8435398906586854,1.0,0.869281045751634,0.4531590413943355,0.8932461873638344,0.9286599171258918,0.8435398906586854,11.893747103822399,10.7583960241302,13.606709552827457,0.0
UAV2UAV,UETrack-B,test9_DJI_0192_1,171,171,0,0.7521581732108048,0.7662983669250486,1.0,0.5906432748538012,1.0,1.0,0.9227152849443871,0.7662983669250486,1.9120525919877662,1.9271486563677804,2.085202554038561,0.0
UAV2UAV,UETrack-B,test9_DJI_0192_2,52,52,0,0.7005494505494505,0.7085934692546678,1.0,0.25,0.4807692307692308,0.8076923076923077,0.8306938159879336,0.7085934692546678,12.59583084549814,10.493385456672305,14.870964102939192,0.0
UAV2UAV,UETrack-B,test9_DJI_0192_3,1001,1001,0,0.5546834118262689,0.5578054633322275,0.6143856143856143,0.16083916083916083,0.3706293706293706,0.7552447552447552,0.8260954731542968,0.5578054633322275,14.799281660217979,12.60139254906115,17.861677134757265,0.0
UAV2UAV,UETrack-B,test9_DJI_0192_4,4521,4521,0,0.42324180280384655,0.41066532813589396,0.528644105286441,0.16014156160141563,0.5155938951559389,0.6215439062154391,0.5383114095007612,0.41066532813589396,198.81042694376592,9.320526880121767,346.52932383980084,0.3609820836098208
UAV2UAV,UETrack-B,test9_DJI_0192_5,1669,1669,0,0.4796142543296529,0.47733544101589054,0.5158777711204314,0.007789095266626723,0.627920910724985,0.8556021569802277,0.7929839401308756,0.47733544101589054,37.28420738252058,8.108775212927744,124.03954793563071,0.05452366686638706
UAV2UAV,UETrack-B,test10_jl_hbd_1,389,389,0,0.6900477414616232,0.6978262130489127,0.7917737789203085,0.6323907455012854,0.8200514138817481,0.8997429305912596,0.7431322143253188,0.6978262130489127,54.25447759114279,2.916340980804236,188.6912668801836,0.08740359897172237
UAV2UAV,UETrack-B,test10_jl_hbd_2,137,137,0,0.6955161626694474,0.7065469591426649,0.8613138686131386,0.5182481751824818,0.7445255474452555,0.8905109489051095,0.7284957778731931,0.7065469591426649,8.115643920718462,5.028438520226117,12.069636324856356,0.0
UAV2UAV,UETrack-B,test10_jl_hbd_3,742,742,0,0.7374534719548196,0.7490772442246879,0.8746630727762803,0.6576819407008087,0.7924528301886793,0.9070080862533693,0.7610327149727815,0.7490772442246879,8.972413569236318,3.04262197387546,24.514874197066035,0.022911051212938006
UAV2UAV,UETrack-B,test10_jl_hbd_4,287,287,0,0.1670814667330347,0.13815592961333903,0.07317073170731707,0.006968641114982578,0.03832752613240418,0.1672473867595819,0.06565553050488487,0.13815592961333903,276.3280877654016,88.9471634634,394.4131988974068,0.5993031358885017
UAV2UAV,UETrack-B,test10_jl_hbd_5,309,309,0,0.7130528586839266,0.7241065802078211,0.8414239482200647,0.6245954692556634,0.7572815533980582,0.8640776699029126,0.7430674535186242,0.7241065802078211,10.590651897502642,2.937944630825348,23.897111845670253,0.032362459546925564
UAV2UAV,UETrack-B,test10_jl_hbd_6,184,184,0,0.797360248447205,0.8108574338323872,0.9945652173913043,0.7771739130434783,0.8641304347826086,0.9456521739130435,0.8393009377664109,0.8108574338323872,6.376723391892354,3.383694363168051,12.19164852310933,0.0
UAV2UAV,UETrack-B,test10_jl_hbd_7,138,138,0,0.5037957211870255,0.5006254420728585,0.5507246376811594,0.3333333333333333,0.6014492753623188,0.7101449275362319,0.4822392725206024,0.5006254420728585,82.70514365327499,7.322770007801562,265.92499099493915,0.2608695652173913
UAV2UAV,UETrack-B,test10_jl_hbd_8,123,123,0,0.850561362756485,0.8676434271880669,0.983739837398374,0.9024390243902439,0.7154471544715447,0.926829268292683,0.877729953770126,0.8676434271880669,8.005715451534622,5.91952838634496,11.336784772344105,0.0
UAV2UAV,UETrack-B,test10_jl_hbd_9,341,341,0,0.8607736349671833,0.8785002513726105,1.0,0.9648093841642229,0.8387096774193549,0.9706744868035191,0.9056983497211202,0.8785002513726105,6.16638782703925,4.192253534967123,8.784924378966142,0.0
UAV2UAV,UETrack-B,test11_dj_1,260,260,0,0.737912087912088,0.750299446110656,0.9769230769230769,0.5423076923076923,0.8653846153846154,0.9461538461538461,0.903393665158371,0.750299446110656,5.787754728388381,3.0131797869645425,10.939045979616035,0.0
UAV2UAV,UETrack-B,test11_dj_2,625,625,0,0.8133333333333332,0.828769523962801,0.9952,0.888,0.7696,0.9552,0.9304156862745098,0.828769523962801,7.771823467254414,6.198349952796872,10.477991154120094,0.0
UAV2UAV,UETrack-B,test11_dj_3,215,215,0,0.7900332225913621,0.8047434514913212,0.9906976744186047,0.9209302325581395,0.786046511627907,0.9627906976744186,0.9209302325581395,0.8047434514913212,7.57917034467403,5.412716029456138,11.380078913575248,0.0
UAV2UAV,UETrack-B,test11_dj_4,564,564,0,0.7262749071259709,0.7358414427158785,0.8546099290780141,0.7553191489361702,0.6205673758865248,0.7783687943262412,0.8092059518842998,0.7358414427158785,113.71345128683538,6.939796215364057,352.3344442471918,0.09219858156028368
A2A,SUTrack-B224,video01,2635,2634,1,0.816411758325198,0.8317313530790856,0.9874715261958997,0.8139711465451784,0.9821564160971906,1.0,0.895432280733098,0.8317313530790856,2.590520074814117,1.8660557061095306,3.472609079025971,0.0
A2A,SUTrack-B224,video02,1935,1901,34,0.8670874978081713,0.8854393866717838,0.9994739610731194,0.9773803261441346,0.997369805365597,0.9994739610731194,0.9289641158935958,0.8854393866717838,2.0827905613623243,1.598442175666557,3.186769941871083,0.0005260389268805891
A2A,SUTrack-B224,video03,503,503,0,0.7599166903341854,0.7722299878843188,0.9821073558648111,0.6182902584493042,1.0,1.0,0.8480489611351498,0.7722299878843188,2.1123778399224014,1.7232379448364323,2.5678318866484746,0.0
A2A,SUTrack-B224,video04,398,398,0,0.7379755922469491,0.7499120919212413,0.957286432160804,0.5703517587939698,1.0,1.0,0.7851019804906887,0.7499120919212413,1.3171934933254892,1.2631392098224052,1.4651296707725103,0.0
A2A,SUTrack-B224,video05,2457,2451,6,0.7886382623224728,0.8032277796550327,0.9951040391676866,0.7021623827009384,0.9502243982048144,0.9975520195838433,0.8971208230334158,0.8032277796550327,3.5737739681592116,2.615441324844127,4.73414506600717,0.0
A2A,SUTrack-B224,video06,422,422,0,0.8833220491988265,0.9016641254650477,1.0,0.9976303317535545,1.0,1.0,0.9298392342719077,0.9016641254650477,1.8303110355517405,1.4699061688547874,2.285703796511586,0.0
A2A,SUTrack-B224,video07,1611,1602,9,0.7204090125438439,0.7296036755838693,0.9101123595505618,0.651685393258427,0.9388264669163545,0.9406991260923845,0.7999681770336101,0.7296036755838693,31.93481469911528,1.686216401808926,128.41399260975405,0.05930087390761548
A2A,SUTrack-B224,video08,2249,2144,105,0.8534115138592752,0.8710812826441097,0.9995335820895522,0.9659514925373134,0.9930037313432836,1.0,0.9303299678080187,0.8710812826441097,1.9089041818122932,1.3139761307304831,2.625558399762242,0.0
A2A,SUTrack-B224,video09,1273,1273,0,0.8793625855683987,0.8980221037930282,1.0,0.9583660644147682,0.997643362136685,1.0,0.9309181645949818,0.8980221037930282,1.7308979724418057,1.3508089208204266,2.233976662667741,0.0
A2A,SUTrack-B224,video10,1177,1177,0,0.8763603997248859,0.8948188413938446,1.0,0.9855564995751912,0.9830076465590484,1.0,0.9308644443333832,0.8948188413938446,1.9849738742975385,1.327573380069945,2.9151423723475616,0.0
A2A,SUTrack-B224,video11,2687,2642,45,0.8414801196784542,0.8583851202202629,0.9992429977289932,0.9201362604087813,0.9901589704769115,0.9996214988644966,0.9220213444954061,0.8583851202202629,2.179867405531753,1.5958542369755897,2.9585078216845644,0.0
A2A,SUTrack-B224,video12,504,504,0,0.840702947845805,0.8591472239580963,0.998015873015873,0.9027777777777778,0.998015873015873,1.0,0.9130485527544351,0.8591472239580963,2.338055131966558,1.8852787872250087,2.859521367722346,0.0
A2A,SUTrack-B224,video13,570,570,0,0.794235588972431,0.8082708554370531,0.9982456140350877,0.787719298245614,1.0,1.0,0.8789817681458548,0.8082708554370531,1.6280931733458215,1.4901779061393345,1.8786143411609857,0.0
A2A,SUTrack-B224,video14,1383,1383,0,0.8330406638432668,0.8502379859379727,0.9985538684020245,0.8604483007953724,0.9855386840202458,1.0,0.9231848921781294,0.8502379859379727,2.3878560071524566,1.7245190968630542,3.172164665288706,0.0
A2A,SUTrack-B224,video15,1559,1559,0,0.7618742172943584,0.7742270622712234,0.9846055163566388,0.659397049390635,0.9993585631815266,1.0,0.876617741387767,0.7742270622712234,1.6178184387611727,1.2236891335089506,2.1244167292875136,0.0
A2A,SUTrack-B224,video16,1158,1125,33,0.7465820105820106,0.7575117594213632,0.9235555555555556,0.7253333333333334,0.9182222222222223,0.9235555555555556,0.8292287581699345,0.7575117594213632,61.6294384475079,2.0121419853319513,218.02409585841033,0.07644444444444444
A2A,SUTrack-B224,video17,1819,1819,0,0.8068797612502944,0.8216984604325013,0.9956019791094007,0.7883452446399121,0.9708631115997801,0.9983507421660253,0.9166531923379577,0.8216984604325013,3.0691241544747814,2.3381020009625617,4.114105885853453,0.0
A2A,SUTrack-B224,video18,1681,1681,0,0.7643126257046543,0.7777975971670351,0.983343248066627,0.6543723973825104,0.9964306960142773,1.0,0.8944722445789737,0.7777975971670351,2.3333741006165485,1.8189749960558703,2.9241069394716916,0.0
A2A,SUTrack-B224,video19,1623,1623,0,0.814364932664378,0.8297232215481015,0.9950708564386938,0.8170055452865065,0.9864448552064079,0.9993838570548367,0.8921749845964263,0.8297232215481015,2.6297606351958653,2.064014435386202,3.3689518666474574,0.0
A2A,SUTrack-B224,video20,4384,4384,0,0.7825317170663885,0.7940899113153429,0.9014598540145985,0.8255018248175182,0.894844890510949,0.9094434306569343,0.8279125518820667,0.7940899113153429,37.555338350350645,1.7997178760533306,128.2203347895299,0.08941605839416059
A2A,SUTrack-B224,video21,834,834,0,0.9051615850177003,0.9249301949770179,1.0,0.9988009592326139,0.9952038369304557,1.0,0.9477594395072177,0.9249301949770179,2.185663990529653,1.684975603682463,2.8036350098418246,0.0
A2A,SUTrack-B224,video22,1285,1215,70,0.7321575543797765,0.7431490001766862,0.9588477366255144,0.5390946502057613,0.9670781893004116,0.9835390946502057,0.8416202695069795,0.7431490001766862,3.9907212164777435,2.2995050565586657,11.006975751806676,0.012345679012345678
A2A,SUTrack-B224,video23,1109,1109,0,0.7545193009575337,0.767529199110182,0.9729486023444545,0.6185752930568079,0.9972948602344455,1.0,0.883201612475468,0.767529199110182,1.8252237708818622,1.4505577407772505,2.306047417724791,0.0
A2A,SafeCL-IMMTrack,video01,2635,2634,1,0.816411758325198,0.8317313530790856,0.9874715261958997,0.8139711465451784,0.9821564160971906,1.0,0.895432280733098,0.8317313530790856,2.590520074814117,1.8660557061095306,3.472609079025971,0.0
A2A,SafeCL-IMMTrack,video02,1935,1901,34,0.8670874978081713,0.8854393866717838,0.9994739610731194,0.9773803261441346,0.997369805365597,0.9994739610731194,0.9289641158935958,0.8854393866717838,2.0827905613623243,1.598442175666557,3.186769941871083,0.0005260389268805891
A2A,SafeCL-IMMTrack,video03,503,503,0,0.7599166903341854,0.7722299878843188,0.9821073558648111,0.6182902584493042,1.0,1.0,0.8480489611351498,0.7722299878843188,2.1123778399224014,1.7232379448364323,2.5678318866484746,0.0
A2A,SafeCL-IMMTrack,video04,398,398,0,0.7379755922469491,0.7499120919212413,0.957286432160804,0.5703517587939698,1.0,1.0,0.7851019804906887,0.7499120919212413,1.3171934933254892,1.2631392098224052,1.4651296707725103,0.0
A2A,SafeCL-IMMTrack,video05,2457,2451,6,0.7886382623224728,0.8032277796550339,0.9951040391676866,0.7021623827009384,0.9502243982048144,0.9975520195838433,0.8971208230334158,0.8032277796550339,3.5737739681591685,2.615441324844127,4.734145066007145,0.0
A2A,SafeCL-IMMTrack,video06,422,422,0,0.8833220491988265,0.9016641254650477,1.0,0.9976303317535545,1.0,1.0,0.9298392342719077,0.9016641254650477,1.8303110355517405,1.4699061688547874,2.285703796511586,0.0
A2A,SafeCL-IMMTrack,video07,1611,1602,9,0.7203792877950181,0.7295905991041105,0.9101123595505618,0.6510611735330837,0.9388264669163545,0.9406991260923845,0.8000293750458985,0.7295905991041105,31.811684107571836,1.686216401808926,127.86843965573215,0.05930087390761548
A2A,SafeCL-IMMTrack,video08,2249,2144,105,0.8534115138592752,0.8710812826441097,0.9995335820895522,0.9659514925373134,0.9930037313432836,1.0,0.9303299678080187,0.8710812826441097,1.9089041818122936,1.3139761307304831,2.6255583997622423,0.0
A2A,SafeCL-IMMTrack,video09,1273,1273,0,0.8793625855683987,0.8980221037930282,1.0,0.9583660644147682,0.997643362136685,1.0,0.9309181645949818,0.8980221037930282,1.7308979724418057,1.3508089208204266,2.233976662667741,0.0
A2A,SafeCL-IMMTrack,video10,1177,1177,0,0.8763603997248859,0.8948188413938446,1.0,0.9855564995751912,0.9830076465590484,1.0,0.9308644443333832,0.8948188413938446,1.9849738742975385,1.327573380069945,2.9151423723475616,0.0
A2A,SafeCL-IMMTrack,video11,2687,2642,45,0.8414801196784542,0.8583851202202629,0.9992429977289932,0.9201362604087813,0.9901589704769115,0.9996214988644966,0.9220213444954061,0.8583851202202629,2.179867405531753,1.5958542369755897,2.9585078216845644,0.0
A2A,SafeCL-IMMTrack,video12,504,504,0,0.840702947845805,0.8591472239580963,0.998015873015873,0.9027777777777778,0.998015873015873,1.0,0.9130485527544351,0.8591472239580963,2.338055131966558,1.8852787872250087,2.859521367722346,0.0
A2A,SafeCL-IMMTrack,video13,570,570,0,0.794235588972431,0.8082708554370531,0.9982456140350877,0.787719298245614,1.0,1.0,0.8789817681458548,0.8082708554370531,1.6280931733458215,1.4901779061393345,1.8786143411609857,0.0
A2A,SafeCL-IMMTrack,video14,1383,1383,0,0.8330406638432668,0.8502379859379727,0.9985538684020245,0.8604483007953724,0.9855386840202458,1.0,0.9231848921781294,0.8502379859379727,2.3878560071524566,1.7245190968630542,3.172164665288706,0.0
A2A,SafeCL-IMMTrack,video15,1559,1559,0,0.7618742172943584,0.7742270622712234,0.9846055163566388,0.659397049390635,0.9993585631815266,1.0,0.876617741387767,0.7742270622712234,1.6178184387611727,1.2236891335089506,2.1244167292875136,0.0
A2A,SafeCL-IMMTrack,video16,1158,1125,33,0.7465820105820106,0.7575117594213632,0.9235555555555556,0.7253333333333334,0.9182222222222223,0.9235555555555556,0.8292287581699345,0.7575117594213632,60.923021602058085,2.0121419853319513,215.9420121321161,0.07644444444444444
A2A,SafeCL-IMMTrack,video17,1819,1819,0,0.8068797612502944,0.8216984604325013,0.9956019791094007,0.7883452446399121,0.9708631115997801,0.9983507421660253,0.9166531923379577,0.8216984604325013,3.0691241544747814,2.3381020009625617,4.114105885853453,0.0
A2A,SafeCL-IMMTrack,video18,1681,1681,0,0.7643126257046543,0.7777975971670351,0.983343248066627,0.6543723973825104,0.9964306960142773,1.0,0.8944722445789737,0.7777975971670351,2.3333741006165485,1.8189749960558703,2.9241069394716916,0.0
A2A,SafeCL-IMMTrack,video19,1623,1623,0,0.814364932664378,0.8297232215481015,0.9950708564386938,0.8170055452865065,0.9864448552064079,0.9993838570548367,0.8921749845964263,0.8297232215481015,2.6297606351958653,2.064014435386202,3.3689518666474574,0.0
A2A,SafeCL-IMMTrack,video20,4384,4384,0,0.7825317170663885,0.7940925812479304,0.9014598540145985,0.8255018248175182,0.894844890510949,0.9094434306569343,0.8279125518820667,0.7940925812479304,37.467636772033224,1.7997178760533306,128.01956199052205,0.08941605839416059
A2A,SafeCL-IMMTrack,video21,834,834,0,0.9051615850177003,0.9249301949770179,1.0,0.9988009592326139,0.9952038369304557,1.0,0.9477594395072177,0.9249301949770179,2.185663990529653,1.684975603682463,2.8036350098418246,0.0
A2A,SafeCL-IMMTrack,video22,1285,1215,70,0.7322751322751323,0.7432853241491912,0.9588477366255144,0.5399176954732511,0.9670781893004116,0.9835390946502057,0.8417816509319774,0.7432853241491912,4.038723043186942,2.2962697904326523,11.507960659831278,0.012345679012345678
A2A,SafeCL-IMMTrack,video23,1109,1109,0,0.7545193009575337,0.767529199110182,0.9729486023444545,0.6185752930568079,0.9972948602344455,1.0,0.883201612475468,0.767529199110182,1.8252237708818622,1.4505577407772505,2.306047417724791,0.0
A2A,RLSM-IMMTrack,video01,2635,2634,1,0.816411758325198,0.8317313530790856,0.9874715261958997,0.8139711465451784,0.9821564160971906,1.0,0.895432280733098,0.8317313530790856,2.590520074814117,1.8660557061095306,3.472609079025971,0.0
A2A,RLSM-IMMTrack,video02,1935,1901,34,0.8670874978081713,0.8854393866717838,0.9994739610731194,0.9773803261441346,0.997369805365597,0.9994739610731194,0.9289641158935958,0.8854393866717838,2.0827905613623243,1.598442175666557,3.186769941871083,0.0005260389268805891
A2A,RLSM-IMMTrack,video03,503,503,0,0.7599166903341854,0.7722299878843188,0.9821073558648111,0.6182902584493042,1.0,1.0,0.8480489611351498,0.7722299878843188,2.1123778399224014,1.7232379448364323,2.5678318866484746,0.0
A2A,RLSM-IMMTrack,video04,398,398,0,0.7379755922469491,0.7499120919212413,0.957286432160804,0.5703517587939698,1.0,1.0,0.7851019804906887,0.7499120919212413,1.3171934933254892,1.2631392098224052,1.4651296707725103,0.0
A2A,RLSM-IMMTrack,video05,2457,2451,6,0.788813118066484,0.8034114581229832,0.9955120359037127,0.7021623827009384,0.9502243982048144,0.9975520195838433,0.897216822265422,0.8034114581229832,3.572040649743494,2.613720968813673,4.732957540510624,0.0
A2A,RLSM-IMMTrack,video06,422,422,0,0.8833220491988265,0.9016641254650477,1.0,0.9976303317535545,1.0,1.0,0.9298392342719077,0.9016641254650477,1.8303110355517405,1.4699061688547874,2.285703796511586,0.0
A2A,RLSM-IMMTrack,video07,1611,1602,9,0.7203495630461922,0.7294930821574116,0.9101123595505618,0.6504369538077404,0.9388264669163545,0.9406991260923845,0.7999681770336099,0.7294930821574116,32.38799838089051,1.6870236646125873,129.7531366335102,0.05930087390761548
A2A,RLSM-IMMTrack,video08,2249,2144,105,0.8534115138592752,0.8710812826441097,0.9995335820895522,0.9659514925373134,0.9930037313432836,1.0,0.9303299678080187,0.8710812826441097,1.9089041818122936,1.3139761307304831,2.6255583997622423,0.0
A2A,RLSM-IMMTrack,video09,1273,1273,0,0.8793625855683987,0.8980221037930282,1.0,0.9583660644147682,0.997643362136685,1.0,0.9309181645949818,0.8980221037930282,1.7308979724418057,1.3508089208204266,2.233976662667741,0.0
A2A,RLSM-IMMTrack,video10,1177,1177,0,0.8763603997248859,0.8948188413938446,1.0,0.9855564995751912,0.9830076465590484,1.0,0.9308644443333832,0.8948188413938446,1.9849738742975385,1.327573380069945,2.9151423723475616,0.0
A2A,RLSM-IMMTrack,video11,2687,2642,45,0.8414801196784542,0.8583851202202629,0.9992429977289932,0.9201362604087813,0.9901589704769115,0.9996214988644966,0.9220213444954061,0.8583851202202629,2.179867405531753,1.5958542369755897,2.9585078216845644,0.0
A2A,RLSM-IMMTrack,video12,504,504,0,0.840702947845805,0.8591472239580963,0.998015873015873,0.9027777777777778,0.998015873015873,1.0,0.9130485527544351,0.8591472239580963,2.338055131966558,1.8852787872250087,2.859521367722346,0.0
A2A,RLSM-IMMTrack,video13,570,570,0,0.794235588972431,0.8082708554370531,0.9982456140350877,0.787719298245614,1.0,1.0,0.8789817681458548,0.8082708554370531,1.6280931733458215,1.4901779061393345,1.8786143411609857,0.0
A2A,RLSM-IMMTrack,video14,1383,1383,0,0.8330406638432668,0.8502379859379727,0.9985538684020245,0.8604483007953724,0.9855386840202458,1.0,0.9231848921781294,0.8502379859379727,2.3878560071524566,1.7245190968630542,3.172164665288706,0.0
A2A,RLSM-IMMTrack,video15,1559,1559,0,0.7618742172943584,0.7742270622712234,0.9846055163566388,0.659397049390635,0.9993585631815266,1.0,0.876617741387767,0.7742270622712234,1.6178184387611727,1.2236891335089506,2.1244167292875136,0.0
A2A,RLSM-IMMTrack,video16,1158,1125,33,0.7465820105820106,0.7575117594213632,0.9235555555555556,0.7253333333333334,0.9182222222222223,0.9235555555555556,0.8292287581699345,0.7575117594213632,60.95322805962074,2.0121419853319513,216.05364443620726,0.07644444444444444
A2A,RLSM-IMMTrack,video17,1819,1819,0,0.8068797612502944,0.8216984604325013,0.9956019791094007,0.7883452446399121,0.9708631115997801,0.9983507421660253,0.9166531923379577,0.8216984604325013,3.0691241544747814,2.3381020009625617,4.114105885853453,0.0
A2A,RLSM-IMMTrack,video18,1681,1681,0,0.7643126257046543,0.7777975971670351,0.983343248066627,0.6543723973825104,0.9964306960142773,1.0,0.8944722445789737,0.7777975971670351,2.3333741006165485,1.8189749960558703,2.9241069394716916,0.0
A2A,RLSM-IMMTrack,video19,1623,1623,0,0.814364932664378,0.8297492097101308,0.9950708564386938,0.8176216882316697,0.9864448552064079,0.9993838570548367,0.8922112282990831,0.8297492097101308,2.6287909818876685,2.064014435386202,3.368100345127117,0.0
A2A,RLSM-IMMTrack,video20,4384,4384,0,0.7825425790754258,0.7940877638494034,0.9014598540145985,0.8255018248175182,0.8946167883211679,0.9092153284671532,0.8278409904107632,0.7940877638494034,37.48562921083362,1.7973118785900084,128.04937855282037,0.0896441605839416
A2A,RLSM-IMMTrack,video21,834,834,0,0.9051615850177003,0.9249301949770179,1.0,0.9988009592326139,0.9952038369304557,1.0,0.9477594395072177,0.9249301949770179,2.185663990529653,1.684975603682463,2.8036350098418246,0.0
A2A,RLSM-IMMTrack,video22,1285,1215,70,0.733803644914756,0.7448395474493753,0.9604938271604938,0.5440329218106996,0.968724279835391,0.9835390946502057,0.8430888404744611,0.7448395474493753,4.003442108805549,2.2909911718798543,11.48909626459577,0.012345679012345678
A2A,RLSM-IMMTrack,video23,1109,1109,0,0.7545193009575337,0.767529199110182,0.9729486023444545,0.6185752930568079,0.9972948602344455,1.0,0.883201612475468,0.767529199110182,1.8252237708818622,1.4505577407772505,2.306047417724791,0.0
A2A,ARTrackV2-B-256,video01,2635,2634,1,0.7082655385616663,0.7174812060390459,0.8557327258921792,0.6336370539104025,0.8390280941533789,0.9001518602885346,0.7906337933806779,0.7174812060390459,13.78082050974762,2.6901485408565957,41.901087250978044,0.06985573272589218
A2A,ARTrackV2-B-256,video02,1935,1901,34,0.8798627288895569,0.898863107861238,0.9994739610731194,0.97317201472909,0.9957916885849553,0.9989479221462388,0.920929129147714,0.898863107861238,2.063712254421171,1.652523001475256,3.1531646827162323,0.0005260389268805891
A2A,ARTrackV2-B-256,video03,503,503,0,0.7740225314778,0.7882957057222527,0.974155069582505,0.6858846918489065,0.9980119284294234,1.0,0.8457100534050599,0.7882957057222527,2.29260736154098,1.5836882923214577,3.0258539052632702,0.0
A2A,ARTrackV2-B-256,video04,398,398,0,0.7546063651591289,0.7676862103140843,0.9698492462311558,0.6432160804020101,1.0,1.0,0.8117548526948468,0.7676862103140843,1.2457869443914873,1.1812018622952516,1.412005846103975,0.0
A2A,ARTrackV2-B-256,video05,2457,2451,6,0.8134677779720618,0.8284385441284732,0.9481844145246838,0.8563851489188087,0.9179926560587516,0.9485924112607099,0.8578811369509044,0.8284385441284732,17.405577366276,2.3178360125788107,82.412027421101,0.044471644226846185
A2A,ARTrackV2-B-256,video06,422,422,0,0.8780185059805913,0.8961696891290974,1.0,0.995260663507109,1.0,1.0,0.9106960319672892,0.8961696891290974,2.279166580078587,2.0160251005818868,2.7036209580989095,0.0
A2A,ARTrackV2-B-256,video07,1611,1602,9,0.7256405683371976,0.7367757885447038,0.9213483146067416,0.5848938826466916,0.9756554307116105,0.99812734082397,0.7926121759565249,0.7367757885447038,2.55266839713566,1.9367808602698213,3.490061745823668,0.0018726591760299626
A2A,ARTrackV2-B-256,video08,2249,2144,105,0.8502798507462688,0.8679292176618912,0.9995335820895522,0.9631529850746269,0.9748134328358209,0.9990671641791045,0.9053537459760023,0.8679292176618912,2.5324262566462226,1.7998513121612165,3.495843317869692,0.0
A2A,ARTrackV2-B-256,video09,1273,1273,0,0.8685519769573188,0.8863144473014998,0.969363707776905,0.8915946582875098,0.9457973291437549,0.9882168106834249,0.9222155476487531,0.8863144473014998,2.38416072761778,1.0958597224372337,4.5401919820954815,0.0
A2A,ARTrackV2-B-256,video10,1177,1177,0,0.8698062062548045,0.8883727137129321,1.0,0.9804587935429057,0.9694137638062872,1.0,0.9214686724307395,0.8883727137129321,2.450664173475885,1.4599799655907073,3.650390583497581,0.0
A2A,ARTrackV2-B-256,video11,2687,2642,45,0.862712230993836,0.8808025154711814,0.9981074943224829,0.9250567751703255,0.977668433005299,0.9996214988644966,0.9104436627035373,0.8808025154711814,2.5327415856968143,1.6098272386925396,3.6140413518022467,0.0
A2A,ARTrackV2-B-256,video12,504,504,0,0.8137755102040813,0.8293336916462855,0.9543650793650794,0.8313492063492064,0.9861111111111112,1.0,0.8967864923747276,0.8293336916462855,2.871799982690785,2.276500575352115,3.6236760294866537,0.0
A2A,ARTrackV2-B-256,video13,570,570,0,0.7624895572263994,0.7749897560132354,0.9736842105263158,0.6824561403508772,0.9736842105263158,0.9736842105263158,0.845717234262126,0.7749897560132354,5.806598608661135,1.5851806392848484,25.69212045173967,0.02631578947368421
A2A,ARTrackV2-B-256,video14,1383,1383,0,0.878077333608787,0.8969636563080133,0.9927693420101229,0.9450469992769343,0.9573391178597253,0.9956616052060737,0.921894715948563,0.8969636563080133,2.5990182670973674,1.3421358619351493,4.178431416967026,0.0
A2A,ARTrackV2-B-256,video15,1559,1559,0,0.6433916735392039,0.6465274168671387,0.8024374599101989,0.5837075048107762,0.8338678640153945,0.8402822322001283,0.7221195084833164,0.6465274168671387,50.77522779412874,1.5294678328071418,152.279803545707,0.15458627325208468
A2A,ARTrackV2-B-256,video16,1158,1125,33,0.8038518518518517,0.818776263872846,0.9893333333333333,0.7715555555555556,0.9822222222222222,0.9982222222222222,0.8924270152505446,0.818776263872846,2.7502567630965706,1.9209947908855316,6.5453485735154775,0.0008888888888888889
A2A,ARTrackV2-B-256,video17,1819,1819,0,0.8323516322416816,0.8491140809600517,0.9967014843320505,0.8581638262781748,0.9532710280373832,0.9956019791094007,0.9102178529465662,0.8491140809600517,3.3360584722154822,2.2901808622183846,4.662291163494389,0.0
A2A,ARTrackV2-B-256,video18,1681,1681,0,0.7972861958584743,0.81236850394271,0.9958358120166567,0.7709696609161214,0.9845330160618679,1.0,0.8899114672638836,0.81236850394271,2.5215660813826344,1.8855088753207485,3.323429246624419,0.0
A2A,ARTrackV2-B-256,video19,1623,1623,0,0.7842619487721152,0.7988387329646118,0.9765865680837954,0.7030191004313001,0.9365372766481824,0.9969192852741836,0.8566319935244586,0.7988387329646118,3.8414927498220197,2.6568141918266117,5.2266780716314045,0.0
A2A,ARTrackV2-B-256,video20,4384,4384,0,0.6738681786583247,0.6774996352461456,0.7618613138686131,0.6875,0.7609489051094891,0.7828467153284672,0.7073627808787748,0.6774996352461456,106.78144868228692,2.081793057500453,247.44434376863967,0.2103102189781022
A2A,ARTrackV2-B-256,video21,834,834,0,0.9009934909215486,0.9217012598573886,1.0,0.9988009592326139,0.9952038369304557,1.0,0.9429397658343914,0.9217012598573886,2.2884738383365155,1.7872193609195222,2.8819591090580157,0.0
A2A,ARTrackV2-B-256,video22,1285,1215,70,0.09727611209092689,0.053689940060522905,0.06172839506172839,0.05267489711934156,0.05925925925925926,0.06255144032921811,0.055805696764302436,0.053689940060522905,489.01626910922795,357.1524158674464,610.322266811526,0.934156378600823
A2A,ARTrackV2-B-256,video23,1109,1109,0,0.7610459873760144,0.7744222165496321,0.975653742110009,0.6321009918845807,0.9981965734896303,0.9990982867448152,0.8757580579571776,0.7744222165496321,2.0055522226797264,1.60385004117837,2.5390156584534016,0.0
A2A,MCITrack-B224,video01,2635,2634,1,0.790740138120548,0.8054551803108453,0.9791192103264996,0.7289293849658315,0.9889901290812453,0.9988610478359908,0.8901469471615522,0.8054551803108453,2.393045724342306,1.8019235624767143,3.2839697234151095,0.00037965072133637056
A2A,MCITrack-B224,video02,1935,1901,34,0.8685153177525615,0.8874736860340158,0.9994739610731194,0.9779063650710152,0.9978958442924777,0.9994739610731194,0.9357407350104694,0.8874736860340158,1.8015082993132092,1.3687784273049115,2.943109995036434,0.0005260389268805891
A2A,MCITrack-B224,video03,503,503,0,0.7590646596610812,0.7727523178203163,0.9860834990059643,0.6003976143141153,1.0,1.0,0.849842123728219,0.7727523178203163,2.0826202152116915,1.799475039506169,2.487201162095906,0.0
A2A,MCITrack-B224,video04,398,398,0,0.7458722182340274,0.7586092102100769,0.9673366834170855,0.6130653266331658,1.0,1.0,0.7941176470588235,0.7586092102100769,1.3191742493256677,1.2289614604797559,1.5422259835431247,0.0
A2A,MCITrack-B224,video05,2457,2451,6,0.8404149909657865,0.8572842230242835,0.9787841697266422,0.879640962872297,0.9538963688290494,0.9808241534067728,0.8985368117055063,0.8572842230242835,6.145313471688105,1.7401335682436219,30.230324276512945,0.017135862913096694
A2A,MCITrack-B224,video06,422,422,0,0.8807266982622434,0.8994797811917775,1.0,0.995260663507109,1.0,1.0,0.932115974351826,0.8994797811917775,1.8339761113263584,1.5805027305041157,2.2702137566866147,0.0
A2A,MCITrack-B224,video07,1611,1602,9,0.7023363652577136,0.7108538568266569,0.8913857677902621,0.5561797752808989,0.9519350811485643,0.9531835205992509,0.7935546253457689,0.7108538568266569,27.113198966243015,1.7509536036703581,121.37331374131428,0.04744069912609238
A2A,MCITrack-B224,video08,2249,2144,105,0.8425728500355366,0.8598958329938837,0.9995335820895522,0.9528917910447762,0.9911380597014925,1.0,0.9249432982148083,0.8598958329938837,2.0745643561184486,1.3939703443022395,2.8941309455711552,0.0
A2A,MCITrack-B224,video09,1273,1273,0,0.8736767291362737,0.8929360710488037,0.997643362136685,0.9615082482325216,0.99528672427337,1.0,0.9349845201238389,0.8929360710488037,1.5941730979609332,1.0851774919133925,2.3348908250168523,0.0
A2A,MCITrack-B224,video10,1177,1177,0,0.8712626936926003,0.8889708922022934,1.0,0.9881053525913339,0.9821580288870009,1.0,0.93273027137788,0.8889708922022934,2.005509537929958,1.2063469854126367,3.0869680093671237,0.0
A2A,MCITrack-B224,video11,2687,2642,45,0.8362712230993836,0.8532853734890351,0.9992429977289932,0.9080242240726722,0.987887963663891,0.9996214988644966,0.9226224933576761,0.8532853734890351,2.2330104885052333,1.5332057030224453,3.1391057357035947,0.0
A2A,MCITrack-B224,video12,504,504,0,0.8369236583522296,0.8551280961562403,1.0,0.9345238095238095,0.9861111111111112,1.0,0.9156940553999376,0.8551280961562403,2.4199410242590043,1.9117875689363313,3.103901997567605,0.0
A2A,MCITrack-B224,video13,570,570,0,0.8154553049289893,0.8313365088035536,0.9982456140350877,0.8964912280701754,0.9964912280701754,0.9982456140350877,0.8791537667698656,0.8313365088035536,1.6567367860746596,1.4362509869524156,2.4887792589441387,0.0017543859649122807
A2A,MCITrack-B224,video14,1383,1383,0,0.8686430465172331,0.887330902875523,0.9992769342010123,0.9624005784526392,0.9891540130151844,1.0,0.9304439056895355,0.887330902875523,2.2051680253567567,1.4442018851683638,3.079863806352259,0.0
A2A,MCITrack-B224,video15,1559,1559,0,0.7413787837136137,0.7539713456588703,0.9775497113534317,0.5933290570878769,0.9967928159076331,0.9993585631815266,0.8691971978015068,0.7539713456588703,1.5773379583466969,1.2563732986868286,2.264805304067819,0.0006414368184733803
A2A,MCITrack-B224,video16,1158,1125,33,0.788994708994709,0.8035760024449796,0.984,0.7244444444444444,0.9955555555555555,0.9973333333333333,0.8952505446623092,0.8035760024449796,2.816396208629723,1.8165801309391432,9.21455404592861,0.0026666666666666666
A2A,MCITrack-B224,video17,1819,1819,0,0.7958323516322418,0.8100975823463774,0.994502473886751,0.7410665200659703,0.9719626168224299,0.9972512369433755,0.916469941467516,0.8100975823463774,2.9970254579248805,2.1674099964062825,4.126219165315341,0.0
A2A,MCITrack-B224,video18,1681,1681,0,0.783745502960256,0.7983120195298341,0.9839381320642475,0.7275431290898274,0.9958358120166567,1.0,0.8965601707667006,0.7983120195298341,2.2724417008493463,1.7214361246536387,2.9042016339425527,0.0
A2A,MCITrack-B224,video19,1623,1623,0,0.8098758912067597,0.825340615698554,0.9944547134935305,0.7948243992606284,0.9833641404805915,1.0,0.8894687881313956,0.825340615698554,2.706244574854174,2.1200140378435117,3.485556214418538,0.0
A2A,MCITrack-B224,video20,4384,4384,0,0.5332051616266945,0.5253852084513092,0.5962591240875912,0.5437956204379562,0.594434306569343,0.6081204379562044,0.5507147201946473,0.5253852084513092,180.6364877081116,3.6507130991245273,310.3778169001034,0.3895985401459854
A2A,MCITrack-B224,video21,834,834,0,0.9012789768185451,0.9209206034301676,1.0,0.9988009592326139,0.9952038369304557,1.0,0.9501104998354257,0.9209206034301676,2.077855626884492,1.6370180666428795,2.6571155832278985,0.0
A2A,MCITrack-B224,video22,1285,1215,70,0.18067803252988437,0.14475568169676956,0.17366255144032922,0.12921810699588476,0.15967078189300413,0.17695473251028807,0.1511821189381102,0.14475568169676956,378.18140277469706,374.6648684164481,479.53775634587333,0.8123456790123457
A2A,MCITrack-B224,video23,1109,1109,0,0.7344669157112801,0.7464185262468581,0.9612263300270514,0.5410279531109107,0.9909828674481514,0.9981965734896303,0.871762230591064,0.7464185262468581,2.00007238792173,1.5726393079770797,2.781894206129833,0.0
A2A,UETrack-B,video01,2635,2634,1,0.7885707054271975,0.8025022881121217,0.9715261958997722,0.7782839787395596,0.972285497342445,0.9939255884586181,0.8632810755281611,0.8025022881121217,3.396901196144923,2.453260979949565,5.1560634411657515,0.004935459377372817
A2A,UETrack-B,video02,1935,1901,34,0.8608000801583126,0.8787690140379607,0.9994739610731194,0.9573908469226723,0.9936875328774329,0.9989479221462388,0.9297067590844861,0.8787690140379607,1.9396664283314078,1.487673297626448,3.1301255961618373,0.0005260389268805891
A2A,UETrack-B,video03,503,503,0,0.7688156773643852,0.7816703751950315,0.9840954274353877,0.6719681908548708,0.9960238568588469,1.0,0.849686196546213,0.7816703751950315,2.345428267189053,1.7319892779984905,3.014540128686394,0.0
A2A,UETrack-B,video04,398,398,0,0.741564967695621,0.7548906358629636,0.9472361809045227,0.6030150753768844,1.0,1.0,0.7654448714159031,0.7548906358629636,1.3833624707544947,1.250617345411185,1.5640163599621635,0.0
A2A,UETrack-B,video05,2457,2451,6,0.7649161663849546,0.7755768622917795,0.9122807017543859,0.8008975928192574,0.8372093023255814,0.8992248062015504,0.8272413820689434,0.7755768622917795,34.130535115314764,2.882495392653507,119.93479286565508,0.0864953080375357
A2A,UETrack-B,video06,422,422,0,0.8885127510719929,0.9071808615521643,1.0,0.995260663507109,1.0,1.0,0.9249605055292258,0.9071808615521643,1.9461328655054726,1.7457554001808728,2.281240737100045,0.0
A2A,UETrack-B,video07,1611,1602,9,0.689198026276678,0.6963251924376641,0.8377028714107366,0.6398252184769039,0.8857677902621723,0.8926342072409488,0.7639225477956477,0.6963251924376641,12.954138194731787,1.7040895582566824,35.90706058088526,0.10736579275905118
A2A,UETrack-B,video08,2249,2144,105,0.8310678749111585,0.8477770706190751,0.9986007462686567,0.9486940298507462,0.9776119402985075,0.9995335820895522,0.917754975124378,0.8477770706190751,2.419549468909936,1.601504361364903,3.4324959231966967,0.0
A2A,UETrack-B,video09,1273,1273,0,0.8518310702128457,0.8696351135949598,0.9819324430479183,0.9151610369206599,0.9709347996857817,0.9890023566378633,0.9000970380296659,0.8696351135949598,2.4277480987562434,1.4635222449053062,4.250300140818182,0.0015710919088766694
A2A,UETrack-B,video10,1177,1177,0,0.8699680381923371,0.8886240956180433,1.0,0.9872557349192863,0.9847068819031436,1.0,0.9331634097989239,0.8886240956180433,2.0511974130924644,1.2967413777307073,3.0477920621839654,0.0
A2A,UETrack-B,video11,2687,2642,45,0.856764356007354,0.8740756945954619,0.9969719909159728,0.9428463285389856,0.9829674489023467,0.9988644965934897,0.9137685354232534,0.8740756945954619,2.3918382905567825,1.6479717002366931,3.4511440575132455,0.0
A2A,UETrack-B,video12,504,504,0,0.8138699924414212,0.8289155636003084,0.9801587301587301,0.8234126984126984,0.9821428571428571,0.998015873015873,0.8850762527233115,0.8289155636003084,3.054320472915064,2.4778728446696885,3.95158306504724,0.0
A2A,UETrack-B,video13,570,570,0,0.7893065998329156,0.8034557956503323,0.9894736842105263,0.7473684210526316,0.9964912280701754,1.0,0.8725490196078428,0.8034557956503323,1.8185338895028835,1.4164944620890605,2.2891436261642726,0.0
A2A,UETrack-B,video14,1383,1383,0,0.8391006438728781,0.8560552131239102,0.9956616052060737,0.8929862617498192,0.9718004338394793,1.0,0.8972537677399233,0.8560552131239102,2.8624883914398382,1.9271851427556954,3.9422826307154644,0.0
A2A,UETrack-B,video15,1559,1559,0,0.5930847002046489,0.5929079776537853,0.7620269403463759,0.4567030147530468,0.7883258499037845,0.7921744708146248,0.6956067866530831,0.5929079776537853,68.60672653723313,1.5781354575297137,187.59446351482407,0.20846696600384862
A2A,UETrack-B,video16,1158,1125,33,0.730962962962963,0.7394675334889093,0.8933333333333333,0.72,0.8871111111111111,0.896,0.797681917211329,0.7394675334889093,33.31535129558744,2.1422321717068895,104.04138188113592,0.10311111111111111
A2A,UETrack-B,video17,1819,1819,0,0.826173460038221,0.8426449293859959,0.9967014843320505,0.8768554150632215,0.9307311709730621,0.9906542056074766,0.906315687352456,0.8426449293859959,3.8245642964188353,2.5636612528081852,5.4736350911623886,0.0
A2A,UETrack-B,video18,1681,1681,0,0.8023852015523639,0.817460543798942,0.992266508030934,0.7977394408090422,0.9881023200475907,1.0,0.8831927774084054,0.817460543798942,2.607749235054535,2.028247225503827,3.3279299608193345,0.0
A2A,UETrack-B,video19,1623,1623,0,0.6086318692603351,0.6078405116058415,0.7412199630314233,0.5785582255083179,0.7252002464571781,0.7430683918669131,0.6498495886339748,0.6078405116058415,121.05857991034425,3.452610879428665,249.79885635991988,0.25508317929759705
A2A,UETrack-B,video20,4384,4384,0,0.4434849669794926,0.4284344399419958,0.4924726277372263,0.4329379562043796,0.47422445255474455,0.4968065693430657,0.44656147130384993,0.4284344399419958,251.38516033477967,24.217426840169956,375.47891013959656,0.4920164233576642
A2A,UETrack-B,video21,834,834,0,0.8961402306726048,0.9158416165321516,1.0,0.9976019184652278,0.9796163069544365,0.9988009592326139,0.9394601965486434,0.9158416165321516,2.739037157117949,2.0287917409509904,3.6820142176400568,0.0
A2A,UETrack-B,video22,1285,1215,70,0.44413090339016265,0.43121530429848015,0.5497942386831276,0.31275720164609055,0.5234567901234568,0.574485596707819,0.47236343096909544,0.43121530429848015,272.5632999094683,8.081556191157935,483.57066126795763,0.4139917695473251
A2A,UETrack-B,video23,1109,1109,0,0.7622482717162608,0.7749560945242263,0.9684400360685302,0.6582506762849414,0.9927862939585211,0.9954914337240758,0.8736010184055587,0.7749560945242263,2.0681760029733263,1.5369480374734066,3.2348354919030826,0.0009017132551848512
